            x [m]            y [m]            z [m]   FieldxRe [V/m]   FieldxIm [V/m]   FieldyRe [V/m]   FieldyIm [V/m]   FieldzRe [V/m]   FieldzIm [V/m]
---------------------------------------------------------------------------------------------------------------------------------------------------------
             0.75                0                0    5.8514354e-07    7.6121758e-08    3.0492336e-07   -2.3349362e-07      0.087221444      0.031062212
       0.74997878     0.0056435266                0    5.7966923e-07     7.725275e-08    3.0430365e-07   -2.3022761e-07      0.087867118      0.027253062
       0.74991506      0.011286733                0    5.7711435e-07    8.6491568e-08    3.0504046e-07   -2.2373156e-07      0.087884411      0.023377674
       0.74980891      0.016929301                0    5.7458141e-07    9.5805404e-08     3.058239e-07   -2.1719345e-07      0.087895855      0.019501379
       0.74966031       0.02257091                0    5.7206773e-07    1.0519161e-07    3.0666257e-07    -2.106157e-07      0.087901853      0.015624654
       0.74946922      0.028211242                0     5.695706e-07    1.1464763e-07     3.075651e-07   -2.0400068e-07      0.087902784      0.011747969
       0.74923575      0.033849973                0    5.6708723e-07    1.2417061e-07    3.0853997e-07   -1.9735103e-07      0.087899059     0.0078718066
       0.74895978      0.039486792                0    5.6461494e-07    1.3375814e-07    3.0959589e-07     -1.90669e-07      0.087891042     0.0039966321
       0.74864149      0.045121372                0    5.5714253e-07    1.2712258e-07    3.1081754e-07    -1.807168e-07      0.087246135     0.0002009176
       0.74828076        0.0507534                0    5.4919946e-07    1.1893336e-07    3.1203075e-07   -1.7038819e-07      0.086535051    -0.0035850781
       0.74787766      0.056382552                0    5.4129021e-07    1.1082306e-07    3.1321048e-07   -1.6000477e-07       0.08582177    -0.0073686969
       0.74743223      0.062008511                0    5.3341671e-07    1.0279197e-07    3.1434431e-07   -1.4956449e-07      0.085106805     -0.011149469
       0.74694449      0.067630962                0    5.2558073e-07    9.4840487e-08    3.1541978e-07   -1.3906524e-07      0.084390663      -0.01492693
       0.74641442      0.073249578                0    5.1778409e-07    8.6968988e-08    3.1642458e-07   -1.2850489e-07       0.08367385     -0.018700607
        0.7458421      0.078864053                0      5.09985e-07    8.6377575e-08    3.1696513e-07   -1.2222819e-07      0.082514636     -0.022311507
       0.74522758      0.084474064                0    5.0214305e-07    8.9011024e-08    3.1733984e-07    -1.178636e-07      0.081156582     -0.025846206
       0.74457085      0.090079285                0    4.9426052e-07    9.1575735e-08    3.1773894e-07   -1.1344348e-07       0.07980074     -0.029376104
       0.74387193       0.09567941                0    4.8633132e-07    9.4058421e-08    3.1816248e-07   -1.0896697e-07      0.078447729     -0.032900777
       0.74313092       0.10127411                0    4.7834925e-07    9.6445675e-08    3.1861043e-07    -1.044334e-07      0.077098161     -0.036419783
       0.74234784       0.10686308                0    4.7030829e-07    9.8724335e-08    3.1908289e-07   -9.9841898e-08      0.075752646     -0.039932698
       0.74152267         0.112446                0    4.5872562e-07     1.004597e-07    3.1865042e-07   -9.5673172e-08      0.073994949       -0.0431844
        0.7406556       0.11802256                0    4.4588762e-07    1.0215665e-07    3.1794823e-07   -9.1545033e-08      0.072094947     -0.046338912
       0.73974651       0.12359243                0    4.3304357e-07    1.0400879e-07    3.1731707e-07   -8.7268177e-08      0.070202462     -0.049486969
       0.73879558       0.12915531                0    4.2019204e-07    1.0602301e-07    3.1675987e-07   -8.2836181e-08      0.068318196     -0.052628219
        0.7378028       0.13471086                0    4.0733175e-07    1.0820639e-07     3.162798e-07   -7.8242465e-08       0.06644284     -0.055762272
       0.73676825       0.14025879                0     3.944613e-07    1.1056588e-07    3.1587979e-07   -7.3480514e-08       0.06457708     -0.058888771
       0.73569202       0.14579879                0    3.8505971e-07    1.1418456e-07    3.1364561e-07   -6.5823265e-08      0.062360927     -0.061674405
       0.73457408       0.15133052                0    3.7679729e-07    1.1820876e-07    3.1061157e-07   -5.7105673e-08      0.060034398     -0.064339802
       0.73341459       0.15685369                0    3.6848101e-07    1.2224828e-07     3.073863e-07   -4.8257291e-08      0.057721257     -0.066998243
        0.7322135       0.16236797                0    3.6010778e-07    1.2630089e-07     3.039585e-07    -3.927444e-08      0.055422261     -0.069649436
       0.73097104       0.16787307                0    3.5167437e-07    1.3036399e-07    3.0031688e-07   -3.0153888e-08      0.053138155     -0.072293095
       0.72968715       0.17336865                0    3.4317773e-07    1.3443534e-07    2.9645042e-07   -2.0892035e-08      0.050869677     -0.074928932
        0.7283619       0.17885442                0    3.3619088e-07    1.3558061e-07    2.9272923e-07   -1.2255951e-08      0.048380621     -0.077235654
       0.72699547       0.18433006                0    3.2995146e-07    1.3530862e-07    2.8925282e-07   -4.0868464e-09      0.045809593     -0.079400122
       0.72558784       0.18979527                0    3.2382286e-07    1.3481724e-07    2.8592174e-07    3.8811567e-09      0.043257739     -0.081558198
       0.72413915       0.19524972                0    3.1780954e-07    1.3409507e-07    2.8274155e-07    1.1636999e-08      0.040725846     -0.083709687
       0.72264946       0.20069313                0    3.1109411e-07    1.3276201e-07    2.8000517e-07    1.8939399e-08       0.03818059     -0.085791782
       0.72111887       0.20612517                0    2.9872405e-07    1.2875502e-07    2.7939672e-07    2.4514295e-08      0.035424203     -0.087439731
       0.71954739       0.21154554                0    2.8620386e-07    1.2467555e-07    2.7895183e-07    2.9997949e-08      0.032691084     -0.089083366
        0.7179352       0.21695393                0    2.7352789e-07    1.2051942e-07     2.786758e-07    3.5385092e-08      0.029982002     -0.090722576
       0.71628237       0.22235003                0    2.6069046e-07    1.1628259e-07    2.7857379e-07     4.067066e-08      0.027297731      -0.09235727
         0.714589       0.22773355                0    2.4768585e-07    1.1196101e-07    2.7865096e-07    4.5849575e-08      0.024639014     -0.093987361
       0.71285516       0.23310417                0    2.3450863e-07    1.0755076e-07    2.7891232e-07    5.0916878e-08      0.022006612     -0.095612727
       0.71108091        0.2384616                0    2.2296348e-07    1.0998975e-07    2.6989773e-07    5.9122879e-08      0.019215388     -0.096671656
       0.70926642       0.24380551                0    2.1120829e-07    1.1259888e-07    2.5958147e-07    6.7933975e-08       0.01645726     -0.097675659
       0.70741177       0.24913563                0     1.991842e-07    1.1511683e-07    2.4877184e-07    7.6979688e-08      0.013750846      -0.09862981
       0.70551711       0.25445163                0    1.8717445e-07    1.1777023e-07    2.3819231e-07    8.5863419e-08       0.01107876     -0.099574752
       0.70358247       0.25975326                0    1.7517975e-07    1.2056231e-07    2.2784909e-07    9.4579306e-08     0.0084418152      -0.10051031
       0.70160794       0.26504013                0    1.6320112e-07    1.2349611e-07    2.1774861e-07    1.0312126e-07     0.0058408612       -0.1014363
       0.69959372       0.27031204                0    1.5000094e-07    1.3218946e-07    2.1122585e-07    1.1077775e-07     0.0032190643      -0.10194923
       0.69753993        0.2755686                0    1.3600943e-07    1.4308739e-07    2.0601152e-07    1.1801957e-07    0.00060944492       -0.1022777
       0.69544661       0.28080958                0    1.2172542e-07    1.5359883e-07    2.0053893e-07    1.2517327e-07    -0.0019615307      -0.10260232
        0.6933139       0.28603467                0    1.0714242e-07     1.637142e-07    1.9480186e-07    1.3223564e-07    -0.0044930852      -0.10292307
       0.69114196       0.29124355                0    9.2254211e-08    1.7342393e-07    1.8879417e-07    1.3920338e-07    -0.0069844406      -0.10323993
       0.68893087       0.29643595                0     7.705443e-08    1.8271875e-07    1.8250986e-07    1.4607342e-07    -0.0094348527      -0.10355287
       0.68668079       0.30161154                0    6.4287335e-08    1.8691824e-07    1.7777271e-07     1.524688e-07      -0.01183756      -0.10368967
        0.6843918       0.30677009                0    5.7494702e-08     1.806612e-07    1.7653785e-07    1.5816929e-07     -0.014185296      -0.10344692
       0.68206406       0.31191123                0    5.0722299e-08    1.7441222e-07    1.7462321e-07    1.6412568e-07     -0.016490964      -0.10320733
       0.67969769       0.31703472                0    4.3971312e-08    1.6817121e-07    1.7201572e-07    1.7034225e-07     -0.018753897        -0.102971
       0.67729288       0.32214028                0    3.7243023e-08    1.6193825e-07    1.6870254e-07    1.7682297e-07     -0.020973429      -0.10273805
       0.67484969       0.32722759                0    3.0538569e-08    1.5571341e-07    1.6467112e-07    1.8357193e-07     -0.023148885       -0.1025086
       0.67236829       0.33229637                0    2.3859197e-08    1.4949673e-07    1.5990918e-07      1.90593e-07     -0.025279611      -0.10228273
        0.6698488       0.33734632                0    1.0325177e-08    1.4626663e-07    1.5077742e-07    2.0032458e-07     -0.027280556      -0.10166653
       0.66729146       0.34237719                0   -5.1177356e-09    1.4367356e-07    1.4095968e-07    2.1072447e-07     -0.029216185      -0.10095941
       0.66469628       0.34738865                0   -2.0714932e-08    1.4093118e-07    1.3151174e-07    2.2113706e-07      -0.03110793        -0.100264
       0.66206342       0.35238048                0   -3.6468297e-08    1.3803704e-07    1.2244026e-07    2.3156164e-07     -0.032955259     -0.099580504
       0.65939313       0.35735232                0    -5.237926e-08    1.3498887e-07    1.1375199e-07    2.4199727e-07      -0.03475761     -0.098909162
       0.65668553       0.36230394                0   -6.8449708e-08    1.3178436e-07    1.0545325e-07    2.5244333e-07     -0.036514483      -0.09825018
       0.65394068       0.36723506                0   -8.3823537e-08    1.3015244e-07    9.7490641e-08    2.6275706e-07     -0.038205106      -0.09755452
       0.65115881       0.37214535                0   -9.2742908e-08    1.4168367e-07    8.9389545e-08    2.7186479e-07     -0.039696708     -0.096498907
       0.64834011        0.3770346                0   -1.0174108e-07    1.5316881e-07    8.1544123e-08    2.8075229e-07     -0.041145753     -0.095464118
       0.64548469       0.38190249                0   -1.1081831e-07     1.646072e-07    7.3958226e-08    2.8941585e-07     -0.042551786     -0.094450466
       0.64259273       0.38674876                0   -1.1997489e-07    1.7599845e-07    6.6635515e-08    2.9785193e-07     -0.043914415      -0.09345822
       0.63966435       0.39157313                0   -1.2921105e-07      1.87342e-07    5.9579587e-08    3.0605696e-07     -0.045233224     -0.092487663
        0.6366998       0.39637533                0   -1.3852643e-07    1.9807204e-07    5.1530229e-08    3.1395143e-07     -0.046479799     -0.091457963
       0.63369912       0.40115508                0    -1.481331e-07    2.0423229e-07    3.9574843e-08    3.2212861e-07     -0.047519378     -0.090100765
       0.63066262       0.40591213                0   -1.5843671e-07    2.0169527e-07    2.6834272e-08    3.3171358e-07     -0.048259255     -0.088378869
       0.62759042       0.41064617                0   -1.6888625e-07    1.9918488e-07    1.4091881e-08    3.4132307e-07     -0.048952945     -0.086687289
       0.62448263       0.41535699                0   -1.7948258e-07    1.9670188e-07    1.3486527e-09    3.5095692e-07     -0.049600124     -0.085026383
        0.6213395       0.42004427                0   -1.9022627e-07    1.9424701e-07   -1.1394071e-08    3.6061462e-07     -0.050200462     -0.083396547
        0.6181612       0.42470777                0   -2.0111798e-07    1.9182097e-07   -2.4135183e-08    3.7029588e-07     -0.050753679     -0.081798106
       0.61494792       0.42934722                0   -2.1215831e-07    1.8942444e-07   -3.6873558e-08    3.8000033e-07     -0.051259477     -0.080231413
       0.61169982       0.43396237                0    -2.233478e-07    1.8705809e-07   -4.9608168e-08    3.8972763e-07     -0.051717579     -0.078696795
       0.60841703       0.43855295                0   -2.3468698e-07    1.8472248e-07   -6.2337968e-08    3.9947747e-07     -0.052127693     -0.077194564
       0.60509986       0.44311869                0   -2.4617611e-07    1.8241832e-07   -7.5061706e-08    4.0924934e-07     -0.052489609     -0.075725034
       0.60174841       0.44765934                0   -2.5781571e-07    1.8014612e-07   -8.7778474e-08    4.1904292e-07     -0.052803054     -0.074288502
       0.59836286       0.45217463                0   -2.6960603e-07    1.7790646e-07   -1.0048723e-07    4.2885787e-07     -0.053067807     -0.072885245
        0.5949434       0.45666435                0   -2.8154744e-07    1.7569987e-07   -1.1318702e-07    4.3869377e-07     -0.053283654     -0.071515523
       0.59149033       0.46112818                0   -2.9363989e-07    1.7352693e-07   -1.2587655e-07    4.4855005e-07     -0.053450409     -0.070179634
        0.5880037       0.46556592                0   -3.0588379e-07    1.7138804e-07   -1.3855521e-07    4.5842654e-07      -0.05356786     -0.068877786
        0.5844838       0.46997729                0   -3.1415956e-07    1.7246775e-07   -1.5008513e-07    4.6969242e-07     -0.053280883     -0.067373157
       0.58093083       0.47436205                0   -3.2117364e-07    1.7451364e-07   -1.6144125e-07    4.8152918e-07      -0.05284299     -0.065837532
       0.57734495       0.47871995                0   -3.2828473e-07    1.7645226e-07   -1.7303131e-07    4.9349677e-07     -0.052374125     -0.064351648
       0.57372642       0.48305076                0   -3.3549262e-07    1.7828324e-07   -1.8485542e-07    5.0559504e-07     -0.051874258     -0.062915757
       0.57007533       0.48735419                0   -3.4279725e-07    1.8000618e-07   -1.9691383e-07    5.1782393e-07     -0.051343318      -0.06153015
         0.566392       0.49163005                0   -3.5019829e-07    1.8162092e-07   -2.0920643e-07     5.301834e-07     -0.050781321     -0.060195036
       0.56267661       0.49587807                0   -3.5673162e-07    1.8211911e-07   -2.2361347e-07    5.4063725e-07     -0.050107047     -0.058632337
       0.55892932       0.50009799                0   -3.6280832e-07    1.8200097e-07   -2.3946868e-07    5.4996582e-07     -0.049344189     -0.056953669
       0.55515045       0.50428963                0   -3.6901463e-07    1.8189633e-07   -2.5565942e-07    5.5938699e-07     -0.048539639     -0.055326834
        0.5513401       0.50845265                0   -3.7535045e-07    1.8180516e-07   -2.7218559e-07    5.6890042e-07     -0.047693327     -0.053752046
       0.54749852       0.51258695                0   -3.8181574e-07    1.8172781e-07   -2.8904688e-07     5.785061e-07     -0.046805285     -0.052229468
       0.54362595       0.51669222                0    -3.884102e-07    1.8166438e-07   -3.0624264e-07    5.8820359e-07     -0.045875512     -0.050759282
       0.53972262       0.52076823                0   -3.9513355e-07    1.8161496e-07   -3.2377218e-07    5.9799237e-07     -0.044904046     -0.049341638
       0.53578871       0.52481472                0   -4.0198563e-07    1.8157961e-07   -3.4163492e-07    6.0787215e-07     -0.043890893     -0.047976661
       0.53182447       0.52883148                0   -4.0896603e-07    1.8155839e-07   -3.5982993e-07    6.1784243e-07     -0.042836092     -0.046664465
       0.52783012       0.53281832                0   -4.1607439e-07     1.815514e-07   -3.7835628e-07    6.2790275e-07     -0.041739721     -0.045405123
       0.52380586       0.53677505                0   -4.2143068e-07     1.817795e-07   -3.9327787e-07    6.3890519e-07     -0.040320776     -0.044166725
       0.51975197       0.54070133                0    -4.264962e-07    1.8194027e-07   -4.0773267e-07    6.5018548e-07     -0.038840193     -0.042985611
       0.51566863       0.54459697                0   -4.3154137e-07    1.8199286e-07   -4.2229215e-07    6.6162016e-07     -0.037341449     -0.041867174
       0.51155609       0.54846179                0   -4.3656598e-07    1.8193737e-07   -4.3695539e-07    6.7320843e-07     -0.035824634     -0.040811423
       0.50741458       0.55229563                0    -4.415698e-07    1.8177388e-07    -4.517216e-07     6.849495e-07     -0.034289844      -0.03981832
        0.5032444        0.5560981                0   -4.4655263e-07    1.8150239e-07   -4.6658968e-07    6.9684182e-07     -0.032737199     -0.038887855
       0.49904564       0.55986911                0   -4.5151444e-07    1.8112291e-07   -4.8155931e-07    7.0888478e-07     -0.031166734     -0.038019937
       0.49481869       0.56360847                0    -4.564549e-07    1.8063581e-07   -4.9662896e-07    7.2107701e-07     -0.029578611     -0.037214473
       0.49056369       0.56731588                0   -4.6040986e-07     1.795155e-07     -5.12935e-07    7.3233093e-07     -0.027933922     -0.036249913
       0.48628092       0.57099116                0   -4.6317649e-07    1.7773937e-07   -5.3089707e-07    7.4251807e-07     -0.026218295     -0.035084318
       0.48197061       0.57463408                0   -4.6590998e-07    1.7596963e-07   -5.4921952e-07    7.5297606e-07     -0.024476182     -0.033984624
         0.477633       0.57824451                0   -4.6861044e-07    1.7420618e-07   -5.6790043e-07     7.637031e-07     -0.022707731     -0.032950636
       0.47326836       0.58182216                0    -4.712779e-07    1.7244864e-07   -5.8693746e-07     7.746969e-07     -0.020913096     -0.031982172
       0.46887693        0.5853669                0   -4.7391245e-07    1.7069686e-07   -6.0632851e-07    7.8595548e-07     -0.019092448     -0.031078983
       0.46445894       0.58887851                0   -4.7651426e-07    1.6895046e-07   -6.2607126e-07    7.9747639e-07     -0.017245935     -0.030240817
       0.46001467       0.59235674                0    -4.790835e-07    1.6720904e-07   -6.4616302e-07    8.0925713e-07      -0.01537374     -0.029467396
       0.45554432       0.59580147                0   -4.8162025e-07    1.6547227e-07   -6.6660164e-07     8.212952e-07     -0.013476016     -0.028758403
        0.4510482       0.59921241                0   -4.8412477e-07    1.6373971e-07   -6.8738404e-07    8.3358765e-07     -0.011552967     -0.028113523
       0.44652656       0.60258943                0   -4.8450647e-07    1.6252351e-07   -7.0421788e-07    8.4673269e-07    -0.0095523112     -0.027583694
       0.44197959       0.60593235                0    -4.843057e-07    1.6138809e-07   -7.1990127e-07    8.6026898e-07     -0.007530849     -0.027133318
       0.43740761       0.60924101                0   -4.8416587e-07    1.6016824e-07   -7.3570618e-07     8.740065e-07    -0.0055071944     -0.026746524
       0.43281087       0.61251509                0   -4.8408708e-07    1.5886386e-07   -7.5163194e-07    8.8794201e-07    -0.0034813753     -0.026422875
       0.42818964       0.61575454                0   -4.8406912e-07     1.574752e-07   -7.6767776e-07     9.020726e-07    -0.0014534418     -0.026161896
       0.42354414       0.61895907                0   -4.8411198e-07    1.5600209e-07   -7.8384306e-07    9.1639475e-07    0.00057658285     -0.025963096
       0.41887468       0.62212861                0   -4.8355531e-07     1.544547e-07   -8.0017992e-07    9.2980525e-07     0.0026050135     -0.025720354
       0.41418147       0.62526292                0   -4.8101907e-07    1.5283754e-07   -8.1689006e-07    9.3994566e-07     0.0046283025     -0.025206964
       0.40946484       0.62836182                0   -4.7861488e-07    1.5110979e-07   -8.3385703e-07    9.5029787e-07     0.0066604558     -0.024756832
       0.40472502       0.63142508                0   -4.7634191e-07     1.492716e-07   -8.5107871e-07    9.6085762e-07     0.0087013915     -0.024369337
       0.39996228       0.63445264                0    -4.741992e-07    1.4732353e-07   -8.6855295e-07    9.7162138e-07       0.01075102     -0.024043838
       0.39517689       0.63744432                0   -4.7218592e-07    1.4526591e-07   -8.8627741e-07    9.8258488e-07      0.012809245     -0.023779674
       0.39036912       0.64039981                0   -4.7030127e-07    1.4309894e-07   -9.0424999e-07    9.9374324e-07       0.01487598     -0.023576148
       0.38553923       0.64331913                0    -4.685441e-07    1.4082326e-07   -9.2246819e-07    1.0050926e-06      0.016951127     -0.023432549
       0.38068753       0.64620197                0   -4.6691363e-07    1.3843909e-07   -9.4092957e-07    1.0166278e-06      0.019034591     -0.023348138
       0.37581429       0.64904827                0   -4.6540865e-07    1.3594703e-07   -9.5963162e-07    1.0283449e-06      0.021126278     -0.023322146
       0.37091976       0.65185773                0   -4.6402823e-07     1.333473e-07   -9.7857196e-07    1.0402381e-06      0.023226105      -0.02335378
       0.36600423       0.65463036                0   -4.6277114e-07    1.3064057e-07   -9.9774809e-07    1.0523032e-06      0.025333978     -0.023442235
       0.36106795       0.65736592                0   -4.6163635e-07    1.2782718e-07   -1.0171573e-06    1.0645349e-06      0.027449816     -0.023586664
       0.35611126       0.66006422                0   -4.6062266e-07    1.2490763e-07   -1.0367967e-06    1.0769277e-06      0.029573506     -0.023786206
       0.35113439       0.66272515                0    -4.597288e-07    1.2188242e-07   -1.0566638e-06    1.0894767e-06      0.031704977     -0.024039978
       0.34613764       0.66534859                0   -4.5733356e-07    1.1891797e-07   -1.0767874e-06    1.1020244e-06      0.033802725     -0.024256872
       0.34112129       0.66793436                0   -4.4985183e-07    1.1598578e-07   -1.0944689e-06    1.1136797e-06      0.035719313     -0.024277696
       0.33608562       0.67048228                0   -4.4170784e-07    1.1264243e-07   -1.1094896e-06    1.1248484e-06      0.037553463     -0.024337728
       0.33103094       0.67299223                0   -4.3376198e-07    1.0916083e-07   -1.1244891e-06     1.136173e-06      0.039385229     -0.024441566
       0.32595748       0.67546409                0   -4.2601181e-07    1.0554229e-07   -1.1394702e-06    1.1476479e-06      0.041214745     -0.024588328
        0.3208656       0.67789769                0   -4.1845504e-07    1.0178819e-07   -1.1544356e-06    1.1592667e-06      0.043042131     -0.024777105
       0.31575552        0.6802929                0   -4.1108905e-07    9.7899871e-08   -1.1693886e-06    1.1710238e-06      0.044867549     -0.025006976
       0.31062758       0.68264961                0   -4.0391132e-07    9.3878867e-08   -1.1843317e-06    1.1829126e-06      0.046691112     -0.025277006
       0.30548206        0.6849677                0   -3.9691918e-07    8.9726619e-08   -1.1992682e-06     1.194927e-06      0.048512973     -0.025586233
       0.30031922       0.68724692                0    -3.901101e-07    8.5444469e-08   -1.2142015e-06    1.2070601e-06      0.050333302     -0.025933649
        0.2951394       0.68948728                0   -3.8348111e-07    8.1034109e-08   -1.2291343e-06    1.2193061e-06      0.052152231     -0.026318293
       0.28994286        0.6916886                0   -3.7702949e-07    7.6496995e-08   -1.2440701e-06     1.231658e-06      0.053969938     -0.026739132
        0.2847299       0.69385076                0   -3.7075236e-07     7.183472e-08   -1.2590122e-06    1.2441092e-06      0.055786576     -0.027195133
       0.27950081       0.69597363                0   -3.6464681e-07    6.7048873e-08   -1.2739639e-06    1.2566526e-06      0.057602316     -0.027685247
        0.2742559       0.69805706                0   -3.5890457e-07    6.2672342e-08   -1.2901409e-06    1.2688965e-06      0.059388794     -0.028189069
       0.26899549       0.70010102                0    -3.544562e-07    6.1268722e-08   -1.3140333e-06    1.2791935e-06      0.061003171      -0.02860591
       0.26371983       0.70210528                0   -3.5008242e-07     5.953067e-08   -1.3385625e-06    1.2900871e-06        0.0626195     -0.029050227
        0.2584292       0.70406985                0   -3.4578224e-07    5.7465563e-08    -1.363716e-06    1.3015572e-06      0.064237893     -0.029521022
       0.25312397       0.70599449                0   -3.4155485e-07    5.5080729e-08   -1.3894822e-06    1.3135823e-06      0.065858461     -0.030017205
       0.24780442       0.70787919                0   -3.3688622e-07      5.21853e-08   -1.4085698e-06    1.3266987e-06      0.067431837     -0.030514359
       0.24247082       0.70972383                0   -3.3168331e-07    4.8869339e-08   -1.4169046e-06    1.3405463e-06      0.068937831     -0.030999994
        0.2371235       0.71152824                0    -3.267244e-07    4.5487223e-08   -1.4244716e-06    1.3540887e-06      0.070447341     -0.031505745
       0.23176275       0.71329236                0   -3.2200316e-07    4.2039872e-08   -1.4312977e-06    1.3673277e-06      0.071960494     -0.032030582
       0.22638887       0.71501613                0   -3.1751327e-07    3.8528263e-08     -1.43741e-06    1.3802652e-06      0.073477365     -0.032573462
       0.22100218       0.71669942                0   -3.0616374e-07    3.5017926e-08    -1.447678e-06    1.3959027e-06      0.074896887      -0.03310002
       0.21560298       0.71834207                0   -2.9245919e-07      3.18608e-08   -1.4600854e-06    1.4122612e-06      0.076285824     -0.033628844
       0.21019156       0.71994412                0   -2.7884457e-07    2.9079832e-08   -1.4731021e-06    1.4282978e-06       0.07767953      -0.03417024
       0.20476824       0.72150534                0   -2.6531745e-07    2.6660446e-08   -1.4867135e-06    1.4440145e-06      0.079078116     -0.034723118
       0.19933334       0.72302574                0   -2.5225185e-07    2.3562734e-08   -1.5013974e-06    1.4591579e-06      0.080462985     -0.035282381
       0.19388714       0.72450519                0   -2.4211195e-07    1.3058241e-08   -1.5200163e-06    1.4725366e-06      0.081719644     -0.035820406
       0.18842997       0.72594362                0   -2.3230595e-07    2.1830964e-09   -1.5389055e-06    1.4862783e-06      0.082981959     -0.036364403
       0.18296212       0.72734094                0   -2.2282103e-07   -9.0504422e-09   -1.5580606e-06     1.500359e-06      0.084250011      -0.03691338
       0.17748392       0.72869712                0   -2.1364426e-07   -2.0629891e-08   -1.5774771e-06     1.514755e-06      0.085523836     -0.037466384
       0.17199567         0.730012                0   -2.0598711e-07   -3.2700243e-08   -1.5936303e-06     1.520793e-06      0.086712308     -0.038008802
       0.16649768       0.73128551                0    -1.994761e-07   -4.5414151e-08   -1.6067917e-06    1.5194992e-06      0.087831505     -0.038540117
       0.16099025       0.73251766                0   -1.9304861e-07   -5.8675141e-08   -1.6197895e-06     1.517899e-06      0.088957034     -0.039070144
       0.15547371       0.73370832                0   -1.8634438e-07   -7.2349614e-08    -1.631709e-06     1.515485e-06      0.090032063      -0.03956227
       0.14994837       0.73485744                0   -1.7880478e-07   -8.5773024e-08   -1.6415688e-06    1.5120964e-06       0.09099099     -0.039975524
       0.14441454       0.73596495                0   -1.6475647e-07   -9.1013163e-08   -1.6500411e-06    1.5311656e-06       0.09175089      -0.04036602
       0.13887255        0.7370308                0   -1.5081361e-07    -9.623966e-08   -1.6590454e-06    1.5500699e-06      0.092520252     -0.040750854
       0.13332267       0.73805493                0   -1.3697159e-07   -1.0145473e-07   -1.6685677e-06    1.5688065e-06      0.093299314     -0.041129377
       0.12776525       0.73903722                0   -1.2322606e-07   -1.0666058e-07    -1.678594e-06    1.5873726e-06      0.094088361       -0.0415009
       0.12220061       0.73997772                0   -1.0957237e-07   -1.1185931e-07   -1.6891092e-06     1.605766e-06      0.094887584      -0.04186482
       0.11662903       0.74087626                0   -9.6020003e-08   -1.1706342e-07   -1.7000579e-06    1.6238987e-06      0.095695555     -0.042220358
       0.11105086        0.7417329                0   -8.4642679e-08   -1.2381514e-07   -1.7050877e-06    1.6293816e-06      0.096258633     -0.042556334
        0.1054664       0.74254751                0   -7.3393082e-08   -1.3066871e-07   -1.7101515e-06    1.6346919e-06      0.096833423     -0.042880688
      0.099875964       0.74332011                0   -6.2262828e-08   -1.3761866e-07   -1.7152654e-06    1.6398261e-06      0.097420096     -0.043192916
       0.09427987       0.74405062                0   -5.1243468e-08   -1.4465952e-07   -1.7204459e-06    1.6447804e-06       0.09801887       -0.0434925
      0.088678442         0.744739                0   -4.0326555e-08   -1.5178578e-07   -1.7257095e-06     1.649551e-06      0.098629929     -0.043778908
      0.083071992       0.74538517                0   -2.9624719e-08   -1.5904298e-07   -1.7314272e-06    1.6545597e-06       0.09924081     -0.044051547
       0.07746084       0.74598914                0   -2.1428207e-08   -1.6747526e-07   -1.7446266e-06    1.6680857e-06      0.099605605     -0.044308014
        0.0718453       0.74655092                0   -1.3203806e-08    -1.760751e-07   -1.7581544e-06    1.6814272e-06      0.099983744     -0.044548288
      0.066225693       0.74707037                0   -4.9547104e-09   -1.8482594e-07   -1.7720063e-06    1.6945792e-06       0.10037536     -0.044771962
      0.060602341       0.74754757                0    3.3158916e-09   -1.9371102e-07   -1.7861764e-06    1.7075376e-06       0.10078057     -0.044978723
      0.054975551       0.74798238                0    1.1604806e-08   -2.0271361e-07   -1.8006605e-06    1.7202977e-06       0.10119952     -0.045168165
       0.04934565       0.74837494                0    2.1072047e-08   -2.1190949e-07   -1.8131419e-06    1.7309003e-06       0.10160373     -0.045340404
      0.043712955       0.74872506                0    3.9335447e-08   -2.2179283e-07    -1.808307e-06     1.726418e-06        0.1018047     -0.045497246
      0.038077787       0.74903274                0    5.7509471e-08   -2.3158631e-07   -1.8036939e-06    1.7217128e-06       0.10202001     -0.045634959
      0.032440457        0.7492981                0    7.5611659e-08   -2.4130568e-07   -1.7993111e-06    1.7167827e-06        0.1022497     -0.045753401
      0.026801296       0.74952096                0    9.3659516e-08   -2.5096674e-07   -1.7951702e-06     1.711624e-06       0.10249388     -0.045852292
      0.021160616       0.74970144                0     1.090806e-07    -2.589193e-07     -1.80186e-06    1.7304674e-06       0.10260698     -0.045934636
      0.015518736       0.74983943                0    1.2327396e-07   -2.6611499e-07   -1.8137804e-06    1.7604405e-06       0.10266646      -0.04599826
     0.0098759793       0.74993497                0    1.3747025e-07   -2.7333564e-07   -1.8259759e-06    1.7901732e-06       0.10274066     -0.046041593
     0.0042326623       0.74998808                0    1.5168325e-07   -2.8056874e-07   -1.8384544e-06    1.8196685e-06       0.10282961     -0.046064567
    -0.0014108941       0.74999869                0    1.6383204e-07   -2.8824763e-07   -1.8474135e-06    1.8367366e-06       0.10287962     -0.046068382
    -0.0070543704        0.7499668                0     1.697364e-07   -2.9724947e-07   -1.8452355e-06    1.8169925e-06       0.10278326     -0.046055607
     -0.012697447       0.74989253                0    1.7568098e-07   -3.0621604e-07   -1.8433498e-06    1.7970027e-06       0.10270164     -0.046022471
     -0.018339805       0.74977571                0     1.816655e-07   -3.1512667e-07   -1.8417543e-06    1.7767558e-06        0.1026348     -0.045968946
     -0.023981126        0.7496165                0    1.8768934e-07   -3.2396096e-07   -1.8404445e-06    1.7562425e-06       0.10258264     -0.045895196
     -0.029621087       0.74941486                0    2.0247862e-07   -3.3373723e-07   -1.8541029e-06    1.7622436e-06       0.10236987      -0.04580529
      -0.03525937       0.74917072                0    2.1929127e-07   -3.4376075e-07   -1.8713232e-06    1.7739046e-06       0.10213301     -0.045696586
     -0.040895659        0.7488842                0    2.3622555e-07   -3.5383209e-07   -1.8888805e-06    1.7853253e-06       0.10191056     -0.045568485
     -0.046529632       0.74855524                0    2.5329877e-07   -3.6396955e-07   -1.9067852e-06    1.7965075e-06        0.1017025     -0.045421157
     -0.052160971       0.74818397                0    2.6948362e-07   -3.7428057e-07   -1.9161655e-06    1.8072377e-06       0.10141425     -0.045256305
     -0.057789356       0.74777025                0     2.840992e-07   -3.8472726e-07    -1.911646e-06    1.8174126e-06       0.10098837     -0.045075633
     -0.063414469       0.74731427                0    2.9879803e-07   -3.9511636e-07   -1.9074876e-06    1.8273993e-06       0.10057627     -0.044877525
     -0.069035992       0.74681592                0    3.1358275e-07   -4.0544177e-07   -1.9036979e-06    1.8372052e-06       0.10017785     -0.044662271
     -0.074653603       0.74627531                0    3.2845563e-07   -4.1569743e-07   -1.9002838e-06    1.8468387e-06      0.099792957     -0.044430278
      -0.08026699       0.74569243                0    3.4341915e-07   -4.2587735e-07   -1.8972521e-06    1.8563079e-06      0.099421471     -0.044181887
     -0.085875824       0.74506736                0     3.560364e-07   -4.3626522e-07   -1.8936641e-06    1.8609868e-06       0.09894003     -0.043917116
     -0.091479808       0.74440008                0    3.6579317e-07   -4.4691095e-07    -1.889196e-06    1.8598816e-06      0.098322764     -0.043637499
     -0.097078606       0.74369061                0    3.7562495e-07   -4.5745736e-07   -1.8849291e-06    1.8585629e-06      0.097717896     -0.043344427
      -0.10267191       0.74293905                0    3.8553182e-07   -4.6789816e-07    -1.880852e-06    1.8570324e-06      0.097125202     -0.043038458
      -0.10825939       0.74214548                0    3.9551404e-07   -4.7822698e-07   -1.8769538e-06    1.8552919e-06      0.096544497     -0.042720117
      -0.11384075       0.74130982                0      4.05572e-07   -4.8843742e-07   -1.8732246e-06    1.8533423e-06      0.095975615     -0.042389873
      -0.11941566       0.74043226                0    4.1822892e-07   -4.9756375e-07   -1.8728691e-06    1.8525936e-06        0.0952911     -0.042043816
      -0.12498382       0.73951268                0    4.3367737e-07   -5.0567098e-07   -1.8762421e-06    1.8531005e-06      0.094486706     -0.041683942
      -0.13054489       0.73855132                0    4.4937582e-07   -5.1377901e-07   -1.8801419e-06    1.8534249e-06      0.093692616     -0.041316144
      -0.13609858       0.73754811                0    4.6533575e-07   -5.2189012e-07   -1.8845834e-06    1.8535694e-06      0.092908621     -0.040941037
      -0.14164455       0.73650312                0    4.8156818e-07   -5.3000673e-07   -1.8895807e-06    1.8535367e-06      0.092134468     -0.040559273
      -0.14718251       0.73541641                0     4.980842e-07   -5.3813113e-07   -1.8951475e-06    1.8533298e-06      0.091369905     -0.040171511
      -0.15271212        0.7342881                0    5.1000137e-07   -5.4699683e-07    -1.898171e-06    1.8531935e-06      0.090511635     -0.039769366
      -0.15823311       0.73311818                0    5.1688357e-07   -5.5634672e-07   -1.8978401e-06    1.8529441e-06      0.089522339     -0.039334439
      -0.16374512       0.73190677                0    5.2350151e-07   -5.6453564e-07   -1.8959259e-06    1.8510242e-06      0.088393614      -0.03880541
      -0.16924787       0.73065394                0    5.3038548e-07   -5.7265402e-07   -1.8940552e-06    1.8491666e-06      0.087271251     -0.038274627
      -0.17474103       0.72935969                0    5.3754451e-07   -5.8070214e-07   -1.8922185e-06    1.8473875e-06      0.086155213     -0.037742957
       -0.1802243       0.72802418                0    5.5134672e-07   -5.8840357e-07   -1.8713871e-06     1.848363e-06       0.08488635     -0.037189506
      -0.18569736       0.72664744                0    5.6591597e-07     -5.96311e-07   -1.8506289e-06    1.8494089e-06      0.083615452     -0.036638416
       -0.1911599       0.72522956                0    5.8095628e-07   -6.0445785e-07   -1.8309416e-06    1.8503987e-06      0.082350306     -0.036091831
      -0.19661163       0.72377062                0    5.9648323e-07   -6.1285698e-07   -1.8123581e-06    1.8513412e-06      0.081090853     -0.035550721
      -0.20205222       0.72227067                0    6.1301535e-07    -6.223359e-07   -1.8037756e-06    1.8498464e-06      0.079779498     -0.035003677
      -0.20748137       0.72072983                0    6.3052835e-07   -6.3316492e-07   -1.8098724e-06    1.8441878e-06      0.078378431     -0.034445398
      -0.21289878       0.71914816                0    6.4802623e-07    -6.438778e-07   -1.8155101e-06    1.8382414e-06       0.07698226       -0.0338981
      -0.21830413       0.71752584                0    6.6550422e-07   -6.5447267e-07   -1.8206616e-06    1.8320067e-06      0.075590916     -0.033362854
      -0.22369711       0.71586281                0    6.8295822e-07   -6.6494738e-07   -1.8253013e-06    1.8254819e-06      0.074204311     -0.032840628
      -0.22907743       0.71415931                0    6.9234432e-07   -6.7480443e-07   -1.8196251e-06    1.8207566e-06       0.07271859     -0.032299865
      -0.23444478       0.71241534                0    6.9949488e-07   -6.8416585e-07   -1.8109071e-06    1.8169643e-06      0.071203619     -0.031765874
      -0.23979886       0.71063107                0    7.0703248e-07   -6.9315189e-07   -1.8023509e-06    1.8135327e-06      0.069692336     -0.031250458
      -0.24513936       0.70880651                0    7.1496549e-07   -7.0175298e-07   -1.7939541e-06    1.8104801e-06      0.068184622     -0.030754635
      -0.25046596       0.70694184                0    7.2356431e-07   -7.0967184e-07   -1.7844976e-06    1.8076339e-06      0.066669859     -0.030274555
       -0.2557784       0.70503718                0     7.352964e-07   -7.1439007e-07   -1.7627474e-06    1.8027322e-06      0.065048113     -0.029766064
      -0.26107636       0.70309258                0    7.4742456e-07   -7.1908147e-07   -1.7415525e-06    1.7973679e-06      0.063428611     -0.029282449
      -0.26635954        0.7011081                0    7.5995592e-07   -7.2374729e-07    -1.720921e-06    1.7915351e-06      0.061811253      -0.02882475
      -0.27162763       0.69908398                0    7.7289712e-07   -7.2838924e-07   -1.7008596e-06    1.7852281e-06      0.060195878     -0.028394051
      -0.27688032       0.69702029                0    7.8394737e-07   -7.3391362e-07   -1.6839928e-06    1.7784538e-06       0.05851002     -0.027942823
      -0.28211737       0.69491714                0    7.9110697e-07   -7.4103548e-07      -1.6721e-06    1.7716803e-06      0.056694664     -0.027436068
      -0.28733841       0.69277459                0    7.9842471e-07   -7.4813335e-07   -1.6603544e-06      1.76511e-06      0.054878518     -0.026962871
       -0.2925432       0.69059283                0    8.0590053e-07    -7.552087e-07   -1.6487527e-06    1.7587535e-06      0.053061374     -0.026524317
      -0.29773143       0.68837202                0    8.1353448e-07   -7.6226274e-07   -1.6372912e-06    1.7526211e-06      0.051243074     -0.026121456
      -0.30290279       0.68611217                0    8.2132709e-07   -7.6929638e-07   -1.6259683e-06    1.7467221e-06      0.049423479     -0.025755284
      -0.30805701       0.68381351                0    8.2927806e-07   -7.7631108e-07   -1.6147801e-06    1.7410671e-06      0.047602396     -0.025426839
      -0.31319377       0.68147612                0    8.3738774e-07   -7.8330771e-07   -1.6037244e-06    1.7356651e-06      0.045779709     -0.025137089
      -0.31831282        0.6791001                0     8.456563e-07   -7.9028746e-07   -1.5927983e-06    1.7305256e-06      0.043955244     -0.024887009
      -0.32341382       0.67668569                0    8.5408334e-07   -7.9725152e-07   -1.5819987e-06    1.7256584e-06      0.042128868     -0.024677565
      -0.32849652        0.6742329                0    8.6266948e-07   -8.0420074e-07   -1.5713235e-06    1.7210717e-06      0.040300444     -0.024509668
      -0.33356065       0.67174202                0     8.714141e-07   -8.1113637e-07   -1.5607694e-06    1.7167756e-06      0.038469803      -0.02438426
      -0.33860585       0.66921306                0    8.8031783e-07   -8.1805922e-07   -1.5503348e-06    1.7127779e-06      0.036636867     -0.024302209
      -0.34363189       0.66664618                0    8.8937242e-07   -8.2495495e-07   -1.5399785e-06    1.7090715e-06      0.034800205     -0.024264298
      -0.34863847       0.66404158                0    8.9623558e-07   -8.2958724e-07   -1.5242049e-06    1.7024554e-06      0.032773774     -0.024186932
      -0.35362533       0.66139936                0    8.9843616e-07   -8.3298431e-07   -1.5060089e-06    1.6918813e-06      0.030638458     -0.023906372
      -0.35859215       0.65871972                0    9.0080732e-07   -8.3643903e-07   -1.4879326e-06    1.6814888e-06      0.028510865     -0.023679594
      -0.36353865       0.65600276                0    9.0334947e-07   -8.3995371e-07   -1.4699754e-06    1.6712838e-06      0.026391106     -0.023507485
      -0.36846459       0.65324867                0    9.0606284e-07   -8.4353076e-07   -1.4521361e-06    1.6612724e-06      0.024279246      -0.02339093
      -0.37336966       0.65045762                0    9.0894758e-07   -8.4717237e-07    -1.434414e-06    1.6514607e-06      0.022175385     -0.023330778
      -0.37825358       0.64762968                0     9.120044e-07   -8.5088055e-07   -1.4168089e-06    1.6418537e-06      0.020079626     -0.023327844
       -0.3831161       0.64476514                0    9.1523304e-07   -8.5465763e-07   -1.3993196e-06    1.6324578e-06       0.01799204     -0.023382943
      -0.38795692         0.641864                0    9.1863416e-07   -8.5850536e-07   -1.3819458e-06    1.6232775e-06      0.015912734     -0.023496844
      -0.39277577       0.63892657                0    9.2220762e-07   -8.6242596e-07   -1.3646867e-06    1.6143186e-06      0.013841789     -0.023670306
       -0.3975724       0.63595301                0    9.2595349e-07   -8.6642143e-07   -1.3475416e-06    1.6055866e-06        0.0117793     -0.023904061
      -0.40234649       0.63294339                0    9.2987233e-07   -8.7049318e-07   -1.3305105e-06    1.5970857e-06     0.0097253714     -0.024198798
      -0.40709782       0.62989789                0    9.3396426e-07   -8.7464321e-07   -1.3135925e-06    1.5888209e-06     0.0076800813     -0.024555206
      -0.41182607       0.62681681                0    9.3822899e-07   -8.7887332e-07   -1.2967872e-06    1.5807972e-06     0.0056435326     -0.024973936
      -0.41653103        0.6237002                0    9.4266687e-07   -8.8318501e-07   -1.2800944e-06    1.5730188e-06     0.0036158082     -0.025455615
      -0.42121238       0.62054825                0    9.4583925e-07    -8.870673e-07   -1.2630006e-06    1.5645587e-06     0.0015926417     -0.025886742
      -0.42586991       0.61736119                0    9.4503741e-07   -8.8954584e-07   -1.2446372e-06    1.5537339e-06   -0.00043841265     -0.026054643
      -0.43050331       0.61413914                0     9.443437e-07   -8.9206867e-07   -1.2265168e-06    1.5432299e-06    -0.0024673957     -0.026284464
      -0.43511233       0.61088234                0    9.4375741e-07   -8.9463691e-07   -1.2086404e-06    1.5330513e-06    -0.0044942722     -0.026576711
      -0.43969673       0.60759097                0    9.4327828e-07   -8.9725171e-07   -1.1910083e-06    1.5232026e-06    -0.0065190159     -0.026931867
      -0.44425622       0.60426521                0    9.4290573e-07   -8.9991386e-07    -1.173622e-06    1.5136878e-06    -0.0085415728     -0.027350385
      -0.44879055       0.60090518                0    9.4263959e-07   -9.0262409e-07   -1.1564821e-06    1.5045106e-06     -0.010561902     -0.027832706
      -0.45329949       0.59751117                0    9.4036625e-07   -9.0354769e-07   -1.1349484e-06    1.4945789e-06     -0.012517372     -0.028427809
      -0.45778275       0.59408331                0    9.3728454e-07   -9.0388454e-07   -1.1120097e-06    1.4844483e-06     -0.014427779     -0.029104687
      -0.46224007       0.59062183                0    9.3414388e-07   -9.0431223e-07   -1.0893704e-06    1.4745001e-06     -0.016312756     -0.029845834
      -0.46667126       0.58712685                0    9.3094332e-07   -9.0483195e-07   -1.0670319e-06    1.4647363e-06     -0.018172145     -0.030651582
      -0.47107598       0.58359867                0    9.2768192e-07   -9.0544489e-07   -1.0449967e-06    1.4551598e-06     -0.020005744     -0.031522207
      -0.47545406       0.58003747                0    9.2435874e-07    -9.061522e-07   -1.0232659e-06    1.4457726e-06     -0.021813413     -0.032457985
       -0.4798052       0.57644337                0    9.2097338e-07   -9.0695448e-07   -1.0018416e-06    1.4365764e-06     -0.023594968     -0.033459172
      -0.48412919       0.57281667                0    9.1752486e-07   -9.0785295e-07   -9.8072519e-07    1.4275737e-06     -0.025350273     -0.034525968
      -0.48842576       0.56915754                0    9.1401256e-07   -9.0884828e-07   -9.5991834e-07    1.4187659e-06     -0.027079161     -0.035658579
      -0.49269468       0.56546617                0    9.1029233e-07   -9.0979984e-07   -9.3958363e-07    1.4098214e-06     -0.028777676     -0.036834829
       -0.4969357       0.56174278                0    9.0361038e-07   -9.0790201e-07   -9.2290963e-07    1.3941736e-06     -0.030374616     -0.037609078
      -0.50114858       0.55798757                0    8.9706111e-07    -9.061016e-07   -9.0652992e-07     1.378839e-06     -0.031953923     -0.038445741
      -0.50533307       0.55420077                0     8.906452e-07   -9.0439903e-07    -8.904459e-07    1.3638193e-06     -0.033515483     -0.039344918
      -0.50948894       0.55038261                0    8.8436263e-07   -9.0279514e-07   -8.7465833e-07    1.3491162e-06     -0.035059214     -0.040306672
      -0.51361597       0.54653329                0    8.7821371e-07   -9.0129015e-07   -8.5916861e-07    1.3347317e-06     -0.036585011     -0.041331079
      -0.51771396       0.54265296                0    8.7219883e-07   -8.9988453e-07   -8.4397743e-07    1.3206667e-06     -0.038092814     -0.042418171
      -0.52178258       0.53874201                0    8.6631837e-07   -8.9857872e-07   -8.2908605e-07     1.306923e-06     -0.039582476     -0.043567929
      -0.52582169       0.53480047                0    8.6057258e-07   -8.9737279e-07   -8.1449531e-07    1.2935013e-06     -0.041053955     -0.044780377
      -0.52983105       0.53082865                0    8.5240663e-07   -8.9625456e-07   -7.9608014e-07    1.2803689e-06     -0.042292833     -0.046027765
      -0.53381038       0.52682686                0    8.4281731e-07   -8.9521109e-07   -7.7555796e-07    1.2675451e-06     -0.043368429     -0.047313534
      -0.53775948       0.52279514                0    8.3329439e-07   -8.9424543e-07   -7.5535939e-07    1.2550514e-06     -0.044402398     -0.048652142
      -0.54167813       0.51873386                0    8.2383838e-07   -8.9335771e-07    -7.354854e-07    1.2428885e-06     -0.045394715      -0.05004346
      -0.54556608       0.51464319                0       8.1445e-07    -8.925478e-07   -7.1593723e-07    1.2310567e-06     -0.046345323     -0.051487383
      -0.54942316       0.51052344                0    8.0512973e-07   -8.9181572e-07   -6.9671552e-07    1.2195562e-06     -0.047254227     -0.052983757
      -0.55324918       0.50637472                0    7.9587807e-07   -8.9116099e-07   -6.7782082e-07    1.2083868e-06     -0.048121404     -0.054532461
      -0.55704379       0.50219738                0    7.8669603e-07   -8.9058352e-07   -6.5925474e-07    1.1975488e-06     -0.048946824     -0.056133278
      -0.56080693       0.49799156                0    7.7758386e-07    -8.900829e-07    -6.410171e-07    1.1870418e-06     -0.049730528     -0.057786051
       -0.5645383       0.49375755                0    7.6854258e-07   -8.8965868e-07   -6.2310886e-07    1.1768651e-06     -0.050472513      -0.05949055
      -0.56823766       0.48949558                0    7.5848129e-07   -8.8596352e-07   -6.0717656e-07      1.16359e-06     -0.051065881     -0.060855757
       -0.5719049       0.48520592                0    7.4838243e-07    -8.817733e-07   -5.9184305e-07    1.1499037e-06     -0.051612351     -0.062216125
      -0.57553977       0.48088875                0    7.3840476e-07     -8.77557e-07   -5.7687708e-07    1.1362763e-06     -0.052127756     -0.063626893
      -0.57914197       0.47654438                0    7.2854937e-07    -8.733146e-07   -5.6227918e-07    1.1227086e-06     -0.052612115     -0.065087795
      -0.58271146       0.47217301                0    7.1881641e-07   -8.6904629e-07   -5.4804849e-07    1.1092004e-06     -0.053065497     -0.066598564
      -0.58624792       0.46777493                0    7.0920669e-07   -8.6475222e-07   -5.3418523e-07    1.0957524e-06     -0.053487927     -0.068158925
      -0.58975118       0.46335033                0    6.9541966e-07   -8.6061914e-07   -5.1818523e-07    1.0816885e-06     -0.053514998     -0.069523819
      -0.59322107       0.45889953                0    6.8031949e-07   -8.5662975e-07   -5.0175379e-07    1.0676587e-06     -0.053372886     -0.070842691
      -0.59665734       0.45442271                0    6.6534938e-07   -8.5273592e-07   -4.8573548e-07     1.053917e-06     -0.053181555     -0.072195515
      -0.60005987       0.44992018                0    6.5050995e-07   -8.4893702e-07   -4.7012918e-07    1.0404624e-06     -0.052941237     -0.073582016
      -0.60342836       0.44539216                0    6.3580222e-07   -8.4523231e-07   -4.5493437e-07    1.0272934e-06     -0.052652106     -0.075001925
      -0.60676277       0.44083893                0    6.2122649e-07   -8.4162093e-07   -4.4014956e-07    1.0144086e-06     -0.052314423     -0.076454982
      -0.61006278       0.43626076                0    6.0678389e-07   -8.3810193e-07   -4.2577392e-07    1.0018064e-06     -0.051928386     -0.077940874
      -0.61332822       0.43165785                0    5.9247515e-07   -8.3467432e-07   -4.1180618e-07     9.894851e-07     -0.051494241     -0.079459324
      -0.61655897       0.42703053                0    5.7830067e-07   -8.3133722e-07   -3.9824471e-07    9.7744282e-07     -0.051012281     -0.081010006
      -0.61975479       0.42237902                0    5.6426131e-07   -8.2808947e-07   -3.8508816e-07     9.656776e-07     -0.050482742     -0.082592599
      -0.62291551        0.4177036                0    5.5035792e-07   -8.2492994e-07   -3.7233488e-07    9.5418727e-07     -0.049905926     -0.084206767
      -0.62604094       0.41300452                0    5.3659107e-07    -8.218575e-07   -3.5998318e-07    9.4296968e-07     -0.049282119     -0.085852169
      -0.62913096       0.40828204                0    5.2296116e-07   -8.1887089e-07   -3.4803085e-07    9.3202237e-07     -0.048611648     -0.087528445
      -0.63218534       0.40353647                0    5.0946915e-07   -8.1596886e-07   -3.3647629e-07    9.2134297e-07     -0.047894828     -0.089235216
      -0.63520396       0.39876804                0    4.9535066e-07   -8.1190734e-07   -3.2418097e-07    9.1046417e-07     -0.047046173      -0.09083879
      -0.63818657       0.39397702                0    4.7952864e-07   -8.0329744e-07   -3.0906148e-07     8.971989e-07     -0.045875851     -0.092009783
      -0.64113307        0.3891637                0    4.6484581e-07   -7.9189175e-07   -2.9455691e-07    8.8068896e-07     -0.044579096     -0.092969388
      -0.64404327       0.38432837                0    4.5043603e-07   -7.8076846e-07   -2.8053216e-07    8.6454196e-07     -0.043238346     -0.093950823
      -0.64691699       0.37947124                0      4.36298e-07   -7.6992433e-07   -2.6698365e-07    8.4875444e-07     -0.041853964     -0.094953813
      -0.64975405       0.37459263                0    4.2243045e-07   -7.5935611e-07   -2.5390756e-07    8.3332287e-07     -0.040426377     -0.095978074
      -0.65255439       0.36969283                0    4.0883171e-07   -7.4906023e-07   -2.4129966e-07    8.1824356e-07     -0.038956016     -0.097023301
      -0.65531772       0.36477208                0     3.947834e-07   -7.3992777e-07   -2.2861278e-07    8.0385723e-07     -0.037375499     -0.097924553
      -0.65804398       0.35983068                0     3.798358e-07   -7.3220588e-07   -2.1568528e-07    7.9044094e-07     -0.035641566     -0.098577276
      -0.66073298       0.35486892                0     3.651279e-07   -7.2433596e-07   -2.0345504e-07    7.7747109e-07     -0.033861887     -0.099242456
      -0.66338456       0.34988704                0    3.5065852e-07   -7.1632002e-07   -1.9191393e-07    7.6494183e-07     -0.032036968     -0.099919893
      -0.66599858       0.34488538                0    3.3642618e-07   -7.0816043e-07   -1.8105348e-07    7.5284731e-07      -0.03016736      -0.10060936
      -0.66857487       0.33986416                0    3.2242951e-07    -6.998593e-07   -1.7086508e-07    7.4118128e-07     -0.028253598      -0.10131066
      -0.67111331       0.33482373                0    3.0866693e-07   -6.9141913e-07   -1.6133981e-07    7.2993748e-07     -0.026296264      -0.10202355
      -0.67361379       0.32976431                0    2.9145968e-07   -6.8525668e-07   -1.5107051e-07    7.2061056e-07     -0.024219649      -0.10239435
      -0.67607605       0.32468623                0    2.7284591e-07   -6.7994876e-07   -1.4042247e-07    7.1150737e-07     -0.022066476      -0.10262202
      -0.67850012       0.31958976                0    2.5434639e-07   -6.7448417e-07   -1.2990297e-07    7.0186769e-07     -0.019868914      -0.10285324
      -0.68088573       0.31447521                0    2.3596169e-07   -6.6886599e-07   -1.1951181e-07     6.917021e-07     -0.017627602      -0.10308789
      -0.68323278       0.30934283                0    2.1769206e-07   -6.6309718e-07   -1.0924848e-07    6.8102116e-07     -0.015343206      -0.10332587
      -0.68554115       0.30419296                0    1.9953782e-07   -6.5718086e-07   -9.9112455e-08    6.6983591e-07     -0.013016419      -0.10356705
      -0.68781066       0.29902586                0    1.8144422e-07   -6.5078223e-07   -8.9696243e-08    6.5792744e-07     -0.010644246        -0.103707
       -0.6900413       0.29384184                0    1.6341087e-07   -6.4289497e-07   -8.3037349e-08    6.4487045e-07    -0.0082146209      -0.10339602
      -0.69223285       0.28864115                0    1.4579555e-07   -6.3505161e-07   -7.6628616e-08    6.3188173e-07    -0.0057436614       -0.1030811
      -0.69438517       0.28342414                0    1.2859181e-07   -6.2725138e-07   -7.0466726e-08    6.1896105e-07    -0.0032321336      -0.10276227
      -0.69649822       0.27819106                0    1.1179273e-07   -6.1949339e-07   -6.4548161e-08    6.0610802e-07     -0.000680789      -0.10243956
       -0.6985718       0.27294225                0    9.5391805e-08   -6.1177695e-07   -5.8869603e-08    5.9332245e-07       0.00190959      -0.10211299
      -0.70060581       0.26767799                0    7.9382119e-08   -6.0410133e-07   -5.3427549e-08    5.8060408e-07     0.0045382204      -0.10178258
      -0.70260018       0.26239854                0    6.5733559e-08   -5.9559653e-07   -4.7361546e-08    5.7091779e-07     0.0071368851      -0.10097351
      -0.70455474       0.25710428                0    5.2815071e-08    -5.868373e-07   -4.1514369e-08      5.62536e-07     0.0097559225      -0.10004269
      -0.70646942       0.25179541                0     4.014084e-08   -5.7802185e-07   -3.6100605e-08    5.5479666e-07      0.012410543     -0.099102393
       -0.7083441       0.24647233                0    2.7707104e-08   -5.6915206e-07   -3.1110773e-08    5.4768367e-07      0.015099881     -0.098152801
      -0.71017867       0.24113527                0    1.5565178e-08   -5.6007758e-07   -2.6596759e-08    5.4108312e-07      0.017826248     -0.097187169
      -0.71197307       0.23578456                0    4.1113424e-09   -5.4962123e-07   -2.2826505e-08    5.3364221e-07      0.020611726     -0.096153736
      -0.71372712        0.2304205                0   -7.8913587e-09   -5.3974264e-07   -1.6827194e-08     5.212143e-07      0.023319544     -0.094799526
      -0.71544075       0.22504339                0   -2.0309258e-08   -5.3028879e-07    -9.156139e-09    5.0508754e-07      0.025965206     -0.093171805
      -0.71711391       0.21965353                0   -3.2560145e-08   -5.2080509e-07   -1.7414408e-09    4.8929292e-07      0.028636802     -0.091539428
      -0.71874642       0.21425125                0   -4.4646896e-08   -5.1129422e-07    5.4236367e-09    4.7382105e-07      0.031333577     -0.089902483
      -0.72033823       0.20883684                0    -5.657261e-08   -5.0175845e-07    1.2346007e-08     4.586623e-07      0.034054771     -0.088261068
      -0.72188926        0.2034106                0   -6.8340476e-08   -4.9220046e-07    1.9032726e-08    4.4380693e-07      0.036799621     -0.086615287
      -0.72339946       0.19797283                0   -8.3114621e-08   -4.8234347e-07    2.4606255e-08    4.3129717e-07      0.039467685     -0.084781915
      -0.72486866       0.19252387                0   -1.0289354e-07    -4.719397e-07    2.8582818e-08    4.2245895e-07      0.041989297     -0.082633786
      -0.72629684       0.18706399                0    -1.222881e-07   -4.6143688e-07    3.2506687e-08    4.1379803e-07      0.044531237     -0.080478974
      -0.72768384       0.18159352                0   -1.4131116e-07   -4.5084101e-07    3.6378488e-08    4.0530827e-07      0.047092751     -0.078317672
      -0.72902972       0.17611279                0   -1.5997607e-07   -4.4015795e-07    4.0199058e-08    3.9698352e-07      0.049673051      -0.07615009
      -0.73033422       0.17062207                0   -1.7531272e-07   -4.3022203e-07    4.1661625e-08    3.9402522e-07      0.052001875     -0.073611014
      -0.73159742       0.16512169                0   -1.8968812e-07   -4.2046636e-07    4.2594532e-08    3.9209792e-07      0.054278251     -0.070971243
       -0.7328192       0.15961196                0   -2.0388303e-07   -4.1068938e-07    4.3592337e-08    3.8984177e-07      0.056569889     -0.068323791
      -0.73399949       0.15409319                0   -2.1790427e-07   -4.0089492e-07     4.465015e-08     3.872739e-07      0.058876038     -0.065668955
      -0.73513824       0.14856571                0   -2.3175876e-07   -3.9108696e-07    4.5763016e-08    3.8441149e-07      0.061195947     -0.063007012
      -0.73623532       0.14302981                0   -2.4545344e-07   -3.8126944e-07    4.6925894e-08    3.8127197e-07      0.063528873     -0.060338251
      -0.73729074        0.1374858                0    -2.578719e-07   -3.7253326e-07    4.9960917e-08    3.7461194e-07      0.065508612     -0.057325557
      -0.73830444       0.13193402                0   -2.6983491e-07   -3.6422645e-07    5.3514395e-08    3.6697904e-07      0.067379266     -0.054195233
      -0.73927629       0.12637477                0   -2.8172042e-07   -3.5600445e-07    5.6975949e-08    3.5948074e-07      0.069259167     -0.051057536
       -0.7402063       0.12080835                0   -2.9353177e-07   -3.4786592e-07    6.0348682e-08    3.5211181e-07      0.071147643     -0.047912836
      -0.74109435        0.1152351                0   -3.0527215e-07   -3.3980982e-07    6.3635582e-08    3.4486712e-07      0.073043972     -0.044761505
       -0.7419405       0.10965532                0   -3.1694495e-07   -3.3183471e-07    6.6839817e-08    3.3774134e-07      0.074947484     -0.041603912
      -0.74274462       0.10406934                0   -3.2588952e-07   -3.2140926e-07    7.1523345e-08    3.2772496e-07      0.076424778     -0.038176086
      -0.74350667       0.09847746                0   -3.3396097e-07   -3.1020073e-07    7.6529233e-08    3.1697022e-07      0.077772386     -0.034660045
      -0.74422663      0.092880003                0   -3.4198959e-07   -2.9898882e-07     8.137296e-08    3.0640783e-07      0.079123743      -0.03113813
      -0.74490446      0.087277293                0    -3.499774e-07   -2.8777936e-07    8.6065562e-08    2.9602441e-07      0.080478236     -0.027610771
      -0.74554014      0.081669636                0   -3.5792635e-07   -2.7657799e-07    9.0618173e-08    2.8580652e-07      0.081835255     -0.024078399
      -0.74613357       0.07605736                0   -3.6583842e-07   -2.6539072e-07    9.5041919e-08    2.7574069e-07      0.083194174      -0.02054145
      -0.74668473      0.070440769                0   -3.7808022e-07   -2.5720942e-07    9.4943765e-08     2.651235e-07      0.084032163     -0.016813226
      -0.74719363      0.064820193                0    -3.912395e-07   -2.4977805e-07    9.3811984e-08     2.542736e-07      0.084748693     -0.013037609
      -0.74766022      0.059195951                0   -4.0430729e-07   -2.4240913e-07    9.2677226e-08    2.4334219e-07      0.085464299      -0.00925845
      -0.74808449      0.053568356                0    -4.172943e-07   -2.3510417e-07    9.1537693e-08    2.3234254e-07      0.086178467    -0.0054762084
      -0.74846643      0.047937725                0   -4.3021132e-07   -2.2786483e-07    9.0391595e-08      2.21288e-07      0.086890705    -0.0016913537
      -0.74880594      0.042304382                0   -4.4306907e-07   -2.2069288e-07    8.9237105e-08    2.1019207e-07      0.087600477     0.0020956402
      -0.74910307      0.036668643                0   -4.5419108e-07   -2.1349588e-07     8.857468e-08    2.0057297e-07      0.087895334     0.0059350412
      -0.74935776      0.031030828                0   -4.6412239e-07   -2.0628629e-07    8.8239695e-08    1.9200748e-07      0.087901227     0.0098107662
      -0.74957007      0.025391255                0   -4.7404097e-07   -1.9913085e-07    8.7883031e-08    1.8346756e-07      0.087902658      0.013687247
      -0.74973989      0.019750245                0    -4.839531e-07   -1.9203716e-07     8.750537e-08    1.7495842e-07      0.087899208      0.017564008
      -0.74986732      0.014108117                0   -4.9386506e-07   -1.8501228e-07    8.7107523e-08    1.6648499e-07      0.087890521      0.021440579
       -0.7499522     0.0084651895                0   -5.0378316e-07   -1.7806391e-07    8.6690157e-08     1.580526e-07      0.087876171      0.025316475
       -0.7499947     0.0028217831                0   -5.0987381e-07   -1.7011259e-07    8.6763009e-08    1.5013876e-07      0.087584749      0.029162971
       -0.7499947    -0.0028217831                0    -5.098745e-07   -1.6052394e-07    8.7627505e-08    1.4302799e-07      0.086855687      0.032962877
       -0.7499522    -0.0084651895                0   -5.0989661e-07   -1.5103178e-07    8.8481869e-08     1.359527e-07      0.086119883      0.036760706
      -0.74986732     -0.014108117                0   -5.0994208e-07   -1.4164092e-07    8.9335771e-08    1.2889183e-07       0.08537709      0.040556006
      -0.74973989     -0.019750245                0   -5.1001325e-07   -1.3235677e-07    9.0198839e-08    1.2182453e-07       0.08462701      0.044348314
      -0.74957007     -0.025391255                0   -5.1011193e-07   -1.2318392e-07    9.1080736e-08    1.1472969e-07      0.083869405      0.048137184
      -0.74935776     -0.031030828                0   -5.1173021e-07   -1.1507067e-07    9.1572844e-08     1.080216e-07      0.082980864      0.051879726
      -0.74910307     -0.036668643                0   -5.2004532e-07   -1.1127186e-07    9.0199663e-08    1.0325308e-07      0.081534132      0.055428352
      -0.74880594     -0.042304382                0   -5.2840386e-07   -1.0755533e-07    8.8807042e-08    9.8521724e-08       0.08007969        0.0589724
      -0.74846643     -0.047937725                0   -5.3681003e-07   -1.0391677e-07    8.7390404e-08    9.3833542e-08      0.078617364      0.062511466
      -0.74808449     -0.053568356                0   -5.4526811e-07   -1.0035208e-07    8.5945139e-08    8.9194586e-08      0.077147022       0.06604515
      -0.74766022     -0.059195951                0   -5.5378234e-07   -9.6856844e-08    8.4466684e-08    8.4610818e-08      0.075668514      0.069573022
      -0.74719363     -0.064820193                0   -5.6235689e-07   -9.3426863e-08    8.2950486e-08    8.0088235e-08      0.074181691      0.073094688
      -0.74668473     -0.070440769                0   -5.6910579e-07   -8.7614197e-08    8.3242192e-08     7.549734e-08      0.072094403       0.07624004
      -0.74613357      -0.07605736                0     -5.75863e-07   -8.1833299e-08    8.3552941e-08      7.09869e-08      0.069979973      0.079366758
      -0.74554014     -0.081669636                0   -5.8269535e-07   -7.6168014e-08     8.381776e-08    6.6568916e-08      0.067857929      0.082486697
      -0.74490446     -0.087277293                0   -5.8960723e-07    -7.062053e-08    8.4032727e-08    6.2250663e-08      0.065728217      0.085599527
      -0.74422663     -0.092880003                0   -5.9660283e-07   -6.5192864e-08    8.4193978e-08    5.8039326e-08      0.063590825      0.088704899
      -0.74350667      -0.09847746                0    -6.036866e-07   -5.9887206e-08    8.4297618e-08    5.3942141e-08      0.061445698      0.091802478
      -0.74274462      -0.10406934                0   -6.0619016e-07   -5.4300958e-08    8.5185661e-08    4.5911055e-08      0.058914375      0.094517417
       -0.7419405      -0.10965532                0   -6.0701387e-07   -4.8727177e-08    8.6490573e-08    3.6207116e-08      0.056234829      0.097084776
      -0.74109435       -0.1152351                0   -6.0790211e-07   -4.3328193e-08    8.7931788e-08     2.628591e-08      0.053548805       0.09964446
       -0.7402063      -0.12080835                0   -6.0885634e-07   -3.8109206e-08    8.9520185e-08    1.6129201e-08      0.050856367        0.1021962
      -0.73927629      -0.12637477                0   -6.0987804e-07   -3.3075807e-08    9.1266578e-08    5.7188818e-09      0.048157543       0.10473973
      -0.73830444      -0.13193402                0   -6.1096864e-07   -2.8233167e-08    9.3181718e-08   -4.9630429e-09      0.045452412       0.10727478
      -0.73729074       -0.1374858                0    -6.110086e-07   -2.3697815e-08    9.2960548e-08   -1.5318763e-08      0.042560384       0.10952226
      -0.73623532      -0.14302981                0   -6.0973463e-07   -1.9359575e-08    8.9996426e-08    -2.494483e-08      0.039440487       0.11141825
      -0.73513824      -0.14856571                0   -6.0852796e-07   -1.5023829e-08    8.7119062e-08   -3.4493912e-08       0.03631584       0.11330663
      -0.73399949      -0.15409319                0   -6.0738967e-07    -1.068485e-08    8.4332669e-08   -4.3961741e-08      0.033186555       0.11518723
       -0.7328192      -0.15961196                0   -6.0632061e-07   -6.3366201e-09    8.1641382e-08   -5.3344102e-08      0.030052766       0.11705984
      -0.73159742      -0.16512169                0   -6.0532187e-07    -1.973369e-09    7.9049308e-08   -6.2636772e-08      0.026914589        0.1189243
      -0.73033422      -0.17062207                0   -6.0526708e-07    1.8605562e-09    7.6480013e-08   -7.1367275e-08      0.023741867       0.12070119
      -0.72902972      -0.17611279                0   -6.1214985e-07    1.3258372e-09    7.3327328e-08   -7.6389668e-08      0.020328335       0.12185001
      -0.72768384      -0.18159352                0   -6.1915887e-07    6.6533801e-10    7.0175759e-08   -8.1419444e-08       0.01691201       0.12299229
      -0.72629684      -0.18706399                0   -6.2629726e-07   -1.2182966e-10    6.7024445e-08   -8.6457177e-08      0.013493085       0.12412792
      -0.72486866      -0.19252387                0   -6.3356856e-07   -1.0372361e-09    6.3872683e-08   -9.1503381e-08      0.010071717       0.12525682
      -0.72339946      -0.19797283                0   -6.4097605e-07   -2.0818476e-09    6.0719671e-08   -9.6558566e-08     0.0066481037       0.12637886
      -0.72188926       -0.2034106                0   -6.4852298e-07   -3.2571137e-09    5.7564687e-08   -1.0162327e-07     0.0032223975       0.12749398
      -0.72033823      -0.20883684                0   -6.4700248e-07   -3.4184211e-10      5.53188e-08   -1.0785429e-07   -0.00029018335       0.12807754
      -0.71874642      -0.21425125                0   -6.4178727e-07    4.0653561e-09    5.3594931e-08   -1.1478839e-07    -0.0038389144       0.12843913
      -0.71711391      -0.21965353                0   -6.3668523e-07    8.1907672e-09    5.2045948e-08   -1.2199223e-07    -0.0073883142       0.12879619
      -0.71544075      -0.22504339                0   -6.3169813e-07    1.2028366e-08    5.0677158e-08   -1.2947504e-07     -0.010938189       0.12914866
      -0.71372712       -0.2304205                0    -6.268275e-07    1.5572397e-08    4.9493792e-08   -1.3724586e-07     -0.014488315       0.12949654
      -0.71197307      -0.23578456                0   -6.2207505e-07    1.8816962e-08    4.8501043e-08   -1.4531366e-07     -0.018038493       0.12983982
      -0.71017867      -0.24113527                0   -6.1689792e-07    2.1417762e-08    4.7044058e-08   -1.5335721e-07     -0.021582045       0.13001968
       -0.7083441      -0.24647233                0   -6.0855717e-07    2.2555987e-08    4.2898769e-08   -1.5992542e-07     -0.025020728       0.12947059
      -0.70646942      -0.25179541                0   -6.0008159e-07    2.3543009e-08    3.8973749e-08   -1.6669459e-07     -0.028446948       0.12890117
      -0.70455474      -0.25710428                0   -5.9159748e-07    2.4384438e-08    3.5320486e-08   -1.7372321e-07     -0.031869113       0.12832622
      -0.70260018      -0.26239854                0     -5.83104e-07    2.5079501e-08    3.1945792e-08   -1.8101795e-07     -0.035286937       0.12774582
      -0.70060581      -0.26767799                0   -5.7459971e-07    2.5627472e-08    2.8856286e-08   -1.8858559e-07     -0.038700249       0.12716003
       -0.6985718      -0.27294225                0   -5.6608349e-07    2.6027745e-08    2.6058551e-08   -1.9643251e-07     -0.042108744       0.12656885
      -0.69649822      -0.27819106                0   -5.6410732e-07    2.4350353e-08     2.634717e-08   -2.0643067e-07     -0.045408938       0.12554789
      -0.69438517      -0.28342414                0   -5.6649702e-07    2.1572223e-08    2.8677285e-08   -2.1774486e-07     -0.048638225       0.12425101
      -0.69223285      -0.28864115                0   -5.6907533e-07    1.9013136e-08    3.1244181e-08    -2.291325e-07     -0.051863093        0.1229523
       -0.6900413      -0.29384184                0   -5.7184587e-07    1.6680591e-08    3.4052452e-08   -2.4059474e-07     -0.055083353       0.12165187
      -0.68781066      -0.29902586                0   -5.7481225e-07    1.4582064e-08    3.7106549e-08   -2.5213265e-07     -0.058298785       0.12034984
      -0.68554115      -0.30419296                0   -5.7797774e-07    1.2725227e-08    4.0410725e-08   -2.6374713e-07      -0.06150917       0.11904633
      -0.68323278      -0.30934283                0   -5.7980537e-07     1.146212e-08    4.3464699e-08   -2.7492376e-07     -0.064658396       0.11761932
      -0.68088573      -0.31447521                0   -5.7546629e-07    1.1497839e-08    4.4449429e-08   -2.8392802e-07     -0.067574225       0.11569302
      -0.67850012      -0.31958976                0   -5.7122776e-07    1.1168837e-08    4.5253579e-08   -2.9277408e-07     -0.070486128       0.11376888
      -0.67607605      -0.32468623                0   -5.6709075e-07    1.0470174e-08    4.5872795e-08   -3.0145839e-07     -0.073393956       0.11184707
      -0.67361379      -0.32976431                0   -5.6305618e-07    9.3972474e-09    4.6302716e-08   -3.0997728e-07     -0.076297514       0.10992777
      -0.67111331      -0.33482373                0   -5.5912534e-07    7.9450189e-09    4.6539299e-08   -3.1832747e-07     -0.079196647       0.10801112
      -0.66857487      -0.33986416                0   -5.5529915e-07    6.1090901e-09    4.6578375e-08   -3.2650536e-07      -0.08209116       0.10609731
      -0.66599858      -0.34488538                0   -5.4815933e-07    3.4150887e-09    4.5350657e-08   -3.3459264e-07     -0.084732644       0.10384271
      -0.66338456      -0.34988704                0   -5.3899026e-07    4.4229864e-10    4.3569187e-08   -3.4292646e-07     -0.087232374       0.10140176
      -0.66073298      -0.35486892                0   -5.2965106e-07   -2.4622864e-09    4.1883609e-08   -3.5154511e-07     -0.089729413      0.098967381
      -0.65804398      -0.35983068                0   -5.2013866e-07    -5.295945e-09    4.0294854e-08   -3.6045239e-07     -0.092223607       0.09653978
      -0.65531772      -0.36477208                0   -5.1044964e-07   -8.0557498e-09    3.8803698e-08   -3.6965218e-07      -0.09471482      0.094119154
      -0.65255439      -0.36969283                0     -5.00581e-07   -1.0738972e-08    3.7410977e-08   -3.7914805e-07     -0.097202919      0.091705717
      -0.64975405      -0.37459263                0   -4.9052994e-07   -1.3343183e-08    3.6117576e-08   -3.8894362e-07     -0.099687777      0.089299664
      -0.64691699      -0.37947124                0   -4.8520474e-07   -1.5805028e-08     3.731272e-08   -3.9673893e-07       -0.1015077      0.086295083
      -0.64404327      -0.38432837                0   -4.8040152e-07   -1.8214664e-08    3.8953029e-08   -4.0444064e-07      -0.10326838      0.083247662
      -0.64113307       -0.3891637                0   -4.7568608e-07   -2.0577247e-08    4.0829175e-08   -4.1225067e-07      -0.10503007      0.080212928
      -0.63818657      -0.39397702                0   -4.7105897e-07    -2.289076e-08    4.2943423e-08   -4.2016961e-07      -0.10679267      0.077191144
      -0.63520396      -0.39876804                0   -4.6513998e-07   -2.4875028e-08    4.6129784e-08   -4.2808733e-07      -0.10837204      0.074043833
      -0.63218534      -0.40353647                0   -4.5885281e-07   -2.6831836e-08    4.9655267e-08   -4.3614449e-07      -0.10989714      0.070865229
      -0.62913096      -0.40828204                0   -4.5260782e-07   -2.8858548e-08    5.3249586e-08   -4.4438386e-07      -0.11142339      0.067696899
      -0.62604094      -0.41300452                0   -4.4640549e-07   -3.0954887e-08    5.6912768e-08   -4.5280689e-07      -0.11295075      0.064539082
      -0.62291551       -0.4177036                0   -4.4024628e-07   -3.3120379e-08     6.064468e-08   -4.6141469e-07      -0.11447918      0.061392017
      -0.61975479      -0.42237902                0   -4.3413061e-07   -3.5354788e-08    6.4445373e-08   -4.7020845e-07      -0.11600866      0.058255937
      -0.61655897      -0.42703053                0   -4.2805891e-07   -3.7657742e-08    6.8314748e-08   -4.7918928e-07      -0.11753915      0.055131052
      -0.61332822      -0.43165785                0   -4.2203166e-07   -4.0028922e-08     7.225276e-08   -4.8835824e-07      -0.11907059      0.052017607
      -0.61006278      -0.43626076                0   -4.1604918e-07   -4.2467825e-08    7.6259226e-08   -4.9771614e-07      -0.12060295      0.048915811
      -0.60676277      -0.44083893                0   -4.1011202e-07   -4.4974314e-08    8.0334161e-08   -5.0726402e-07      -0.12213618      0.045825902
      -0.60342836      -0.44539216                0   -4.0404629e-07   -4.7776549e-08    8.3839225e-08    -5.169901e-07      -0.12342741       0.04267725
      -0.60005987      -0.44992018                0    -3.973656e-07    -5.143054e-08    8.5077374e-08    -5.269066e-07      -0.12380396      0.039274894
      -0.59665734      -0.45442271                0   -3.9073129e-07   -5.5014738e-08    8.6527521e-08   -5.3709249e-07        -0.124191      0.035889514
      -0.59322107      -0.45889953                0   -3.8414379e-07   -5.8527753e-08    8.8190362e-08   -5.4754855e-07      -0.12458857      0.032521363
      -0.58975118      -0.46335033                0   -3.7760356e-07   -6.1968564e-08    9.0066791e-08   -5.5827593e-07      -0.12499671      0.029170694
      -0.58624792      -0.46777493                0   -3.7111087e-07   -6.5335996e-08    9.2157421e-08   -5.6927553e-07      -0.12541543      0.025837712
      -0.58271146      -0.47217301                0   -3.6466625e-07   -6.8629092e-08    9.4463005e-08   -5.8054798e-07      -0.12584476      0.022522692
      -0.57914197      -0.47654438                0      -3.5827e-07    -7.184687e-08    9.6984088e-08   -5.9209407e-07      -0.12628473      0.019225817
      -0.57553977      -0.48088875                0   -3.5192258e-07   -7.4988279e-08     9.972112e-08   -6.0391426e-07      -0.12673534      0.015947364
       -0.5719049      -0.48520592                0   -3.4562433e-07     -7.80527e-08    1.0267475e-07   -6.1600917e-07      -0.12719662      0.012687502
      -0.56823766      -0.48949558                0   -3.3937567e-07    -8.103919e-08    1.0584529e-07   -6.2837893e-07      -0.12766856     0.0094465008
       -0.5645383      -0.49375755                0   -3.3287483e-07   -8.3925684e-08    1.0940575e-07   -6.4088789e-07      -0.12811016     0.0062092762
      -0.56080693      -0.49799156                0   -3.2431336e-07   -8.6617227e-08    1.1444921e-07   -6.5258001e-07      -0.12827516     0.0028810736
      -0.55704379      -0.50219738                0   -3.1583241e-07   -8.9289387e-08    1.1979712e-07   -6.6430795e-07      -0.12845394   -0.00043251039
      -0.55324918      -0.50637472                0   -3.0743271e-07   -9.1941693e-08    1.2544962e-07   -6.7607084e-07      -0.12864652    -0.0037312217
      -0.54942316      -0.51052344                0   -2.9911459e-07   -9.4573934e-08    1.3140712e-07   -6.8786846e-07      -0.12885295     -0.007014967
      -0.54556608      -0.51464319                0   -2.9114466e-07   -9.7317383e-08    1.3713617e-07   -6.9940563e-07      -0.12886921      -0.01024447
      -0.54167813      -0.51873386                0   -2.8443782e-07   -1.0061154e-07    1.4070065e-07   -7.0976853e-07      -0.12799852     -0.013284007
      -0.53775948      -0.52279514                0   -2.7781201e-07   -1.0386072e-07    1.4440383e-07   -7.2033322e-07      -0.12715213     -0.016305787
      -0.53381038      -0.52682686                0   -2.7126754e-07   -1.0706457e-07    1.4824548e-07   -7.3109942e-07      -0.12633011     -0.019309649
      -0.52983105      -0.53082865                0   -2.6480504e-07   -1.1022293e-07    1.5222545e-07   -7.4206628e-07      -0.12553255     -0.022295354
      -0.52582169      -0.53480047                0   -2.5842468e-07   -1.1333555e-07    1.5634348e-07   -7.5323368e-07      -0.12475945     -0.025262829
      -0.52178258      -0.53874201                0   -2.5212682e-07   -1.1640223e-07    1.6059926e-07    -7.646006e-07      -0.12401086     -0.028211851
      -0.51771396      -0.54265296                0   -2.4591199e-07   -1.1942291e-07    1.6499257e-07   -7.7616619e-07      -0.12328685     -0.031142214
      -0.51361597      -0.54653329                0   -2.3978018e-07   -1.2239752e-07    1.6952318e-07   -7.8793011e-07      -0.12258738     -0.034053877
      -0.50948894      -0.55038261                0    -2.337319e-07   -1.2532604e-07    1.7419069e-07   -7.9989093e-07      -0.12191252      -0.03694658
      -0.50533307      -0.55420077                0    -2.277673e-07   -1.2820846e-07    1.7899484e-07   -8.1204792e-07      -0.12126227     -0.039820205
      -0.50114858      -0.55798757                0   -2.2188655e-07   -1.3104486e-07    1.8393524e-07   -8.2439999e-07      -0.12063661     -0.042674627
       -0.4969357      -0.56174278                0   -2.1608989e-07   -1.3383541e-07    1.8901162e-07   -8.3694607e-07      -0.12003557     -0.045509696
      -0.49269468      -0.56546617                0   -2.1037746e-07    -1.365802e-07    1.9422353e-07   -8.4968485e-07      -0.11945911     -0.048325256
      -0.48842576      -0.56915754                0   -2.0327752e-07   -1.3792872e-07     2.017053e-07   -8.6263083e-07      -0.11857647     -0.051161215
      -0.48412919      -0.57281667                0    -1.962303e-07   -1.3914314e-07    2.0949804e-07   -8.7572852e-07       -0.1177067     -0.053985432
       -0.4798052      -0.57644337                0   -1.8930724e-07   -1.4028802e-07    2.1750031e-07   -8.8897491e-07      -0.11686573     -0.056795996
      -0.47545406      -0.58003747                0   -1.8250826e-07   -1.4136378e-07     2.257112e-07   -9.0236864e-07      -0.11605349     -0.059592769
      -0.47107598      -0.58359867                0   -1.7588711e-07    -1.424888e-07    2.3392408e-07   -9.1575049e-07      -0.11520541      -0.06232933
      -0.46667126      -0.58712685                0   -1.7002418e-07    -1.450415e-07    2.3975088e-07   -9.2734342e-07       -0.1135924     -0.064480476
      -0.46224007      -0.59062183                0   -1.6422806e-07   -1.4760171e-07    2.4569675e-07   -9.3911206e-07      -0.11201602     -0.066617645
      -0.45778275      -0.59408331                0   -1.5849885e-07   -1.5016948e-07    2.5176146e-07    -9.510544e-07      -0.11047629     -0.068740703
      -0.45329949      -0.59751117                0   -1.5283642e-07   -1.5274492e-07    2.5794469e-07    -9.631691e-07      -0.10897312     -0.070849612
      -0.44879055      -0.60090518                0   -1.4724075e-07   -1.5532815e-07     2.642463e-07   -9.7545444e-07      -0.10750647     -0.072944306
      -0.44425622      -0.60426521                0   -1.4171172e-07   -1.5791922e-07    2.7066585e-07   -9.8790872e-07      -0.10607625     -0.075024709
      -0.43969673      -0.60759097                0   -1.3624933e-07   -1.6051834e-07    2.7720324e-07   -1.0005301e-06      -0.10468242     -0.077090748
      -0.43511233      -0.61088234                0   -1.3085331e-07   -1.6312562e-07    2.8385821e-07   -1.0133167e-06      -0.10332486     -0.079142362
      -0.43050331      -0.61413914                0   -1.2552358e-07   -1.6574117e-07    2.9063031e-07   -1.0262667e-06      -0.10200348     -0.081179515
      -0.42586991      -0.61736119                0   -1.2025993e-07    -1.683652e-07    2.9751942e-07   -1.0393779e-06      -0.10071817     -0.083202146
      -0.42121238      -0.62054825                0   -1.1506216e-07   -1.7099794e-07    3.0452532e-07   -1.0526486e-06     -0.099468827     -0.085210197
      -0.41653103       -0.6237002                0    -1.097599e-07   -1.7231362e-07      3.12694e-07   -1.0637905e-06     -0.098029532     -0.087172098
      -0.41182607      -0.62681681                0   -1.0455476e-07   -1.7318807e-07     3.213537e-07   -1.0742872e-06      -0.09654963     -0.089113452
      -0.40709782      -0.62989789                0   -9.9518807e-08   -1.7408809e-07    3.3013856e-07   -1.0849376e-06     -0.095108464     -0.091045976
      -0.40234649      -0.63294339                0   -9.4650595e-08   -1.7501367e-07      3.39048e-07   -1.0957397e-06     -0.093705796     -0.092969619
       -0.3975724      -0.63595301                0   -8.9948799e-08   -1.7596497e-07    3.4808184e-07   -1.1066908e-06     -0.092341483     -0.094884232
      -0.39277577      -0.63892657                0   -8.5411919e-08   -1.7694214e-07    3.5723983e-07   -1.1177884e-06     -0.091015324     -0.096789733
      -0.38795692        -0.641864                0   -8.1038372e-08   -1.7794511e-07    3.6652131e-07   -1.1290305e-06     -0.089727044     -0.098686054
       -0.3831161      -0.64476514                0   -7.6826566e-08   -1.7897405e-07    3.7592585e-07   -1.1404143e-06     -0.088476434      -0.10057311
      -0.37825358      -0.64762968                0   -7.2774874e-08   -1.8002912e-07    3.8545335e-07    -1.151937e-06     -0.087263301      -0.10245076
      -0.37336966      -0.65045762                0   -6.8881512e-08   -1.8111029e-07    3.9510314e-07   -1.1635963e-06     -0.086087316      -0.10431895
      -0.36846459      -0.65324867                0   -6.5229102e-08   -1.8223984e-07    4.0444587e-07   -1.1749705e-06     -0.084860742      -0.10604899
      -0.36353865      -0.65600276                0   -6.2089342e-08   -1.8348356e-07    4.1175889e-07   -1.1844965e-06     -0.083244883      -0.10714222
      -0.35859215      -0.65871972                0   -5.9008993e-08   -1.8471977e-07    4.1910906e-07   -1.1942677e-06     -0.081669845      -0.10822964
      -0.35362533      -0.66139936                0   -5.5987272e-08   -1.8594902e-07    4.2649793e-07   -1.2042807e-06     -0.080135398       -0.1093113
      -0.34863847      -0.66404158                0    -5.302341e-08   -1.8717192e-07     4.339268e-07   -1.2145312e-06     -0.078641303      -0.11038726
      -0.34363189      -0.66664618                0   -4.9411387e-08   -1.8590123e-07    4.4143346e-07   -1.2228783e-06      -0.07701619      -0.11137132
      -0.33860585      -0.66921306                0   -4.5658542e-08   -1.8409058e-07    4.4894898e-07   -1.2307407e-06     -0.075381257      -0.11232808
      -0.33356065      -0.67174202                0   -4.1973227e-08   -1.8249644e-07    4.5645939e-07   -1.2387347e-06     -0.073786825      -0.11328345
      -0.32849652       -0.6742329                0   -3.8354308e-08   -1.8111564e-07    4.6396741e-07   -1.2468576e-06     -0.072232619      -0.11423741
      -0.32341382      -0.67668569                0   -3.4800706e-08   -1.7994492e-07      4.71475e-07   -1.2551062e-06     -0.070718259      -0.11518995
      -0.31831282       -0.6791001                0   -3.1311266e-08   -1.7898101e-07    4.7898527e-07   -1.2634777e-06     -0.069243506      -0.11614104
      -0.31319377      -0.68147612                0   -2.7884766e-08    -1.782205e-07     4.865006e-07   -1.2719688e-06     -0.067807965      -0.11709072
      -0.30805701      -0.68381351                0   -2.4520043e-08   -1.7765997e-07    4.9402382e-07   -1.2805766e-06     -0.066411354      -0.11803894
      -0.30290279      -0.68611217                0   -2.1215822e-08   -1.7729587e-07    5.0155791e-07   -1.2892979e-06     -0.065053307      -0.11898571
      -0.29773143      -0.68837202                0   -1.7970862e-08   -1.7712459e-07    5.0910535e-07   -1.2981293e-06     -0.063733451      -0.11993102
       -0.2925432      -0.69059283                0   -1.4783847e-08   -1.7714248e-07    5.1666933e-07   -1.3070677e-06     -0.062451474      -0.12087485
      -0.28733841      -0.69277459                0   -1.1653469e-08   -1.7734578e-07    5.2425253e-07   -1.3161098e-06     -0.061206929      -0.12181722
      -0.28211737      -0.69491714                0   -8.5783967e-09   -1.7773068e-07    5.3185789e-07    -1.325252e-06     -0.059999473      -0.12275811
      -0.27688032      -0.69702029                0   -5.5572116e-09   -1.7829332e-07    5.3948889e-07   -1.3344911e-06      -0.05882873      -0.12369752
      -0.27162763      -0.69908398                0   -3.5052494e-09   -1.7743415e-07    5.4516988e-07   -1.3446387e-06     -0.057642948       -0.1245648
      -0.26635954       -0.7011081                0   -2.1394719e-09   -1.7537592e-07    5.4970445e-07   -1.3553031e-06      -0.05646367      -0.12539266
      -0.26107636      -0.70309258                0   -9.7017594e-10     -1.72914e-07    5.5418627e-07   -1.3660207e-06     -0.055318985      -0.12622082
       -0.2557784      -0.70503718                0    7.9456441e-12   -1.7005911e-07    5.5862114e-07   -1.3767884e-06     -0.054208539      -0.12704927
      -0.25046596      -0.70694184                0    8.0024565e-10   -1.6682208e-07    5.6301451e-07   -1.3876037e-06     -0.053131893      -0.12787794
      -0.24513936      -0.70880651                0    4.3553025e-10   -1.6045246e-07     5.754211e-07   -1.4019074e-06     -0.052061889      -0.12865114
      -0.23979886      -0.71063107                0     2.268985e-10   -1.5355018e-07    5.8885581e-07   -1.4166891e-06     -0.051021643      -0.12941983
      -0.23444478      -0.71241534                0    2.8050851e-10   -1.4639312e-07    6.0255667e-07   -1.4316171e-06     -0.050013307      -0.13018927
      -0.22907743      -0.71415931                0    5.8881033e-10   -1.3898965e-07    6.1652048e-07   -1.4466852e-06     -0.049036417      -0.13095942
      -0.22369711      -0.71586281                0    1.6592889e-09     -1.32265e-07    6.2921117e-07   -1.4596482e-06     -0.048086315      -0.13171439
      -0.21830413      -0.71752584                0    4.4033364e-09   -1.2831904e-07    6.3713696e-07   -1.4656219e-06     -0.047152985      -0.13242075
      -0.21289878      -0.71914816                0    7.0967032e-09   -1.2436682e-07    6.4497624e-07    -1.471558e-06     -0.046249017      -0.13312806
      -0.20748137      -0.72072983                0    9.7412247e-09   -1.2040977e-07    6.5273713e-07   -1.4774558e-06     -0.045373943      -0.13383627
      -0.20205222      -0.72227067                0    1.2325134e-08   -1.1648425e-07    6.6038649e-07   -1.4832509e-06     -0.044521611      -0.13452907
      -0.19661163      -0.72377062                0      1.09544e-08   -1.1687148e-07    6.6667047e-07   -1.4881599e-06     -0.043520145      -0.13469309
       -0.1911599      -0.72522956                0    7.5448847e-09   -1.1902673e-07    6.7305569e-07     -1.49398e-06     -0.042545889      -0.13484213
      -0.18569736      -0.72664744                0    4.2067021e-09   -1.2090187e-07    6.7963634e-07   -1.5001289e-06      -0.04160092      -0.13500229
       -0.1802243      -0.72802418                0    9.3758867e-10   -1.2250905e-07     6.864131e-07   -1.5065928e-06      -0.04068489      -0.13517362
      -0.17474103      -0.72935969                0   -2.0960895e-09   -1.2382397e-07    6.9284863e-07   -1.5129594e-06     -0.039797671      -0.13535282
      -0.16924787      -0.73065394                0   -1.6756074e-09   -1.2426673e-07    6.8859589e-07   -1.5115376e-06      -0.03894202       -0.1354752
      -0.16374512      -0.73190677                0   -1.2209816e-09   -1.2468431e-07    6.8450856e-07   -1.5103069e-06     -0.038113523      -0.13560925
      -0.15823311      -0.73311818                0   -7.3316198e-10   -1.2507954e-07    6.8058813e-07   -1.5092567e-06     -0.037311826        -0.135755
      -0.15271212       -0.7342881                0    -2.130871e-10   -1.2545533e-07    6.7683663e-07    -1.508376e-06     -0.036536597      -0.13591248
      -0.14718251      -0.73541641                0    1.1349024e-09   -1.2257364e-07    6.8186529e-07   -1.5139775e-06     -0.035795372      -0.13603798
      -0.14164455      -0.73650312                0    3.4244523e-09   -1.1678928e-07    6.9533911e-07    -1.525564e-06     -0.035086796      -0.13613328
      -0.13609858      -0.73754811                0    5.9251821e-09   -1.1128886e-07    7.0896192e-07   -1.5369658e-06     -0.034402832      -0.13624068
      -0.13054489      -0.73855132                0    8.6255412e-09   -1.0605798e-07    7.2273781e-07   -1.5481907e-06     -0.033743206      -0.13636018
      -0.12498382      -0.73951268                0    1.1513882e-08   -1.0108221e-07     7.366707e-07   -1.5592464e-06      -0.03310762      -0.13649182
      -0.11941566      -0.74043226                0    1.4578536e-08   -9.6346902e-08    7.5076417e-07   -1.5701412e-06      -0.03249573      -0.13663559
      -0.11384075      -0.74130982                0    1.4069411e-08   -9.0690293e-08    7.5725148e-07   -1.5772731e-06     -0.031923551      -0.13674036
      -0.10825939      -0.74214548                0    9.9627666e-09   -8.3960416e-08    7.5627321e-07   -1.5808589e-06     -0.031389553      -0.13680753
      -0.10267191      -0.74293905                0    5.8577836e-09   -7.7217834e-08    7.5538134e-07   -1.5844466e-06     -0.030877531      -0.13688707
     -0.097078606      -0.74369061                0    1.7532997e-09   -7.0464075e-08    7.5458564e-07   -1.5880336e-06     -0.030387199      -0.13697891
     -0.091479808      -0.74440008                0   -2.3518911e-09   -6.3700668e-08    7.5389693e-07   -1.5916166e-06     -0.029918335       -0.1370831
     -0.085875824      -0.74506736                0   -6.4590253e-09   -5.6929178e-08    7.5332628e-07   -1.5951925e-06     -0.029470734      -0.13719966
      -0.08026699      -0.74569243                0   -8.1524778e-09   -5.1035233e-08    7.6063702e-07   -1.5960047e-06     -0.029067812       -0.1372723
     -0.074653603      -0.74627531                0   -7.9027735e-09   -4.5865303e-08    7.7455417e-07   -1.5944977e-06     -0.028704699      -0.13731061
     -0.069035992      -0.74681592                0   -7.7258067e-09   -4.0686924e-08    7.8866407e-07   -1.5929481e-06     -0.028361427      -0.13736133
     -0.063414469      -0.74731427                0   -7.6146716e-09   -3.5502296e-08    8.0297258e-07   -1.5913556e-06     -0.028037818      -0.13742445
     -0.057789356      -0.74777025                0   -7.5624582e-09   -3.0313675e-08    8.1748641e-07   -1.5897203e-06     -0.027733745          -0.1375
     -0.052160971      -0.74818397                0   -7.5622033e-09   -2.5123237e-08    8.3221073e-07   -1.5880419e-06     -0.027448982      -0.13758793
     -0.046529632      -0.74855524                0   -6.8403914e-09   -2.2069582e-08    8.2252302e-07   -1.5996089e-06     -0.027210923      -0.13763219
     -0.040895659       -0.7488842                0   -5.6654361e-09   -2.0324583e-08    7.9782455e-07   -1.6194264e-06     -0.027008649      -0.13765387
      -0.03525937      -0.74917072                0   -4.5073509e-09   -1.8559296e-08    7.7346488e-07   -1.6392181e-06     -0.026824895      -0.13768797
     -0.029621087      -0.74941486                0   -3.3623686e-09   -1.6781911e-08     7.494225e-07   -1.6589806e-06      -0.02665953      -0.13773446
     -0.023981126       -0.7496165                0   -3.3191985e-09   -1.4753131e-08    7.3277749e-07   -1.6722792e-06      -0.02651987      -0.13777921
     -0.018339805      -0.74977571                0   -8.2341893e-09   -1.1629504e-08    7.4855001e-07    -1.656353e-06      -0.02643173      -0.13777199
     -0.012697447      -0.74989253                0   -1.3147419e-08   -8.5471967e-09    7.6450016e-07    -1.640366e-06     -0.026361553      -0.13777718
    -0.0070543704       -0.7499668                0   -1.8057342e-08   -5.4983236e-09    7.8065329e-07   -1.6243248e-06     -0.026309378      -0.13779478
    -0.0014108941      -0.74999869                0   -2.2962453e-08   -2.4748275e-09     7.970329e-07   -1.6082361e-06     -0.026275098      -0.13782476
     0.0042326623      -0.74998808                0    -2.452934e-08    2.7415279e-09    8.0339458e-07   -1.6176754e-06     -0.026289973      -0.13780822
     0.0098759793      -0.74993497                0   -2.4984157e-08    8.6858298e-09    8.0657901e-07   -1.6355858e-06     -0.026333189      -0.13778445
      0.015518736      -0.74983943                0   -2.5445004e-08    1.4630198e-08    8.0999126e-07   -1.6534264e-06     -0.026394337      -0.13777307
      0.021160616      -0.74970144                0   -2.5919169e-08    2.0583478e-08    8.1361458e-07   -1.6711793e-06     -0.026473461      -0.13777409
      0.026801296      -0.74952096                0   -2.6921345e-08    2.6628133e-08    8.1326078e-07    -1.680708e-06     -0.026583651      -0.13776244
      0.032440457       -0.7492981                0    -2.904339e-08    3.2825426e-08    8.0429345e-07   -1.6729031e-06     -0.026739798      -0.13770972
      0.038077787      -0.74903274                0   -3.1220257e-08    3.9001044e-08    7.9567167e-07   -1.6651296e-06     -0.026914336      -0.13766944
      0.043712955      -0.74872506                0    -3.346377e-08    4.5150493e-08     7.874205e-07   -1.6574099e-06     -0.027107287      -0.13764153
       0.04934565      -0.74837494                0   -3.5785824e-08    5.1269268e-08    7.7956668e-07   -1.6497659e-06     -0.027318811      -0.13762604
      0.054975551      -0.74798238                0   -3.9640529e-08    5.8150995e-08    7.8403536e-07   -1.6495427e-06      -0.02758876      -0.13754244
      0.060602341      -0.74754757                0   -4.3733912e-08    6.5154225e-08    7.9025483e-07   -1.6501905e-06     -0.027883129      -0.13746065
      0.066225693      -0.74707037                0   -4.7877098e-08    7.2181336e-08    7.9663261e-07   -1.6507241e-06     -0.028196948      -0.13739128
        0.0718453      -0.74655092                0   -5.2073652e-08    7.9236557e-08     8.031538e-07   -1.6511331e-06     -0.028530337       -0.1373343
       0.07746084      -0.74598914                0   -5.6327234e-08     8.632405e-08     8.098047e-07   -1.6514069e-06     -0.028883502      -0.13728975
      0.083071992      -0.74538517                0   -6.0641383e-08    9.3447994e-08    8.1657066e-07   -1.6515353e-06     -0.029256575      -0.13725759
      0.088678442        -0.744739                0   -6.0081476e-08    9.7306128e-08    8.0726943e-07   -1.6469978e-06     -0.029691571      -0.13713963
       0.09427987      -0.74405062                0   -5.9323884e-08    1.0098341e-07    7.9742961e-07   -1.6422609e-06      -0.03014973      -0.13702928
      0.099875964      -0.74332011                0   -5.8610578e-08    1.0463814e-07    7.8784575e-07   -1.6375565e-06     -0.030629249      -0.13693127
        0.1054664      -0.74254751                0   -5.7942724e-08    1.0826843e-07    7.7851831e-07   -1.6328912e-06     -0.031130366      -0.13684559
       0.11105086       -0.7417329                0   -5.7321479e-08     1.118724e-07    7.6944804e-07   -1.6282721e-06       -0.0316533      -0.13677225
       0.11662903      -0.74087626                0   -5.6748053e-08    1.1544821e-07    7.6063588e-07   -1.6237061e-06      -0.03219831       -0.1367112
       0.12220061      -0.73997772                0   -5.7459381e-08    1.2073049e-07    7.6587804e-07   -1.6260778e-06     -0.032798178      -0.13656202
       0.12776525      -0.73903722                0   -5.8114122e-08    1.2611768e-07    7.7139856e-07   -1.6284248e-06     -0.033421885      -0.13642433
       0.13332267      -0.73805493                0   -5.8697125e-08    1.3160474e-07    7.7709871e-07   -1.6306976e-06     -0.034069449      -0.13629876
       0.13887255       -0.7370308                0   -5.9202176e-08    1.3719796e-07    7.8297529e-07   -1.6328945e-06     -0.034741212      -0.13618532
       0.14441454      -0.73596495                0   -5.9622998e-08    1.4290356e-07    7.8902394e-07   -1.6350132e-06     -0.035437439      -0.13608398
       0.14994837      -0.73485744                0     -5.99534e-08    1.4872778e-07    7.9524091e-07   -1.6370518e-06     -0.036158413      -0.13599466
       0.15547371      -0.73370832                0   -5.5400619e-08    1.5664411e-07    7.8347057e-07   -1.6352554e-06     -0.036920335       -0.1358321
       0.16099025      -0.73251766                0   -5.0505125e-08    1.6463765e-07    7.7153214e-07   -1.6336302e-06     -0.037708733      -0.13568048
       0.16649768      -0.73128551                0   -4.5295231e-08    1.7269207e-07    7.5958383e-07   -1.6322252e-06     -0.038523775      -0.13554057
       0.17199567        -0.730012                0   -3.9755168e-08    1.8080975e-07    7.4761329e-07   -1.6310532e-06     -0.039365765      -0.13541234
       0.17748392      -0.72869712                0   -3.6754297e-08    1.8699522e-07    7.3791597e-07   -1.6271241e-06     -0.040236916      -0.13526328
       0.18296212      -0.72734094                0   -3.7109977e-08    1.9080642e-07      7.31086e-07   -1.6196005e-06     -0.041138541      -0.13508633
       0.18842997      -0.72594362                0   -3.7419014e-08    1.9464811e-07    7.2437678e-07   -1.6120276e-06     -0.042068914      -0.13492058
       0.19388714      -0.72450519                0   -3.7679804e-08    1.9852098e-07     7.177843e-07   -1.6044039e-06     -0.043028418      -0.13476597
       0.19933334      -0.72302574                0   -3.7890789e-08     2.024256e-07    7.1130432e-07   -1.5967282e-06     -0.044017363      -0.13462242
       0.20476824      -0.72150534                0   -4.1323069e-08    2.0667855e-07    7.1138925e-07    -1.598379e-06     -0.044946078       -0.1341904
       0.21019156      -0.71994412                0   -4.5902915e-08    2.1096153e-07    7.1227208e-07   -1.6003852e-06     -0.045806833       -0.1334818
       0.21560298      -0.71834207                0   -5.0172115e-08    2.1521254e-07    7.1323853e-07   -1.6023977e-06     -0.046696309      -0.13277403
       0.22100218      -0.71669942                0   -5.4118242e-08    2.1942982e-07    7.1428383e-07   -1.6044197e-06      -0.04761488      -0.13206719
       0.22638887      -0.71501613                0   -5.7337708e-08    2.2341347e-07    7.1503342e-07   -1.6033729e-06     -0.048558563      -0.13134448
       0.23176275      -0.71329236                0   -5.9117426e-08    2.2677651e-07    7.1481179e-07   -1.5933642e-06     -0.049519878      -0.13057399
        0.2371235      -0.71152824                0   -6.0592072e-08    2.3007911e-07    7.1469691e-07   -1.5831821e-06     -0.050512422      -0.12980416
       0.24247082      -0.70972383                0    -6.175155e-08    2.3331903e-07    7.1468628e-07   -1.5728233e-06     -0.051536631      -0.12903507
       0.24780442      -0.70787919                0   -6.2585904e-08    2.3649399e-07    7.1477717e-07   -1.5622849e-06     -0.052592956      -0.12826678
       0.25312397      -0.70599449                0   -6.3214074e-08    2.3940538e-07    7.0764526e-07   -1.5536034e-06     -0.053664874      -0.12746325
        0.2584292      -0.70406985                0   -6.3855374e-08    2.4218505e-07    6.9542358e-07   -1.5464342e-06     -0.054758362       -0.1266347
       0.26371983      -0.70210528                0   -6.4487111e-08    2.4499045e-07     6.832351e-07   -1.5394201e-06     -0.055885889      -0.12580641
       0.26899549      -0.70010102                0   -6.5108772e-08     2.478219e-07     6.710751e-07   -1.5325675e-06     -0.057047807      -0.12497839
        0.2742559      -0.69805706                0    -6.571991e-08    2.5067979e-07    6.5893965e-07   -1.5258826e-06     -0.058244567      -0.12415073
       0.27950081      -0.69597363                0   -6.1922741e-08    2.5421966e-07    6.5197941e-07   -1.5183574e-06     -0.059408393      -0.12322773
        0.2847299      -0.69385076                0   -5.7516118e-08    2.5794932e-07    6.4594866e-07   -1.5108773e-06     -0.060597427      -0.12228758
       0.28994286       -0.6916886                0   -5.3238185e-08    2.6176642e-07    6.3999818e-07   -1.5036185e-06     -0.061823349      -0.12134595
        0.2951394      -0.68948728                0   -4.9091568e-08    2.6567258e-07    6.3412563e-07   -1.4965876e-06     -0.063086547      -0.12040284
       0.30031922      -0.68724692                0   -4.5078835e-08    2.6966947e-07    6.2832856e-07   -1.4897912e-06     -0.064387403      -0.11945827
       0.30548206       -0.6849677                0   -4.1202483e-08    2.7375867e-07    6.2260443e-07   -1.4832356e-06     -0.065726265      -0.11851222
       0.31062758      -0.68264961                0   -3.7465064e-08    2.7794181e-07     6.169513e-07   -1.4769269e-06     -0.067103542      -0.11756472
       0.31575552       -0.6802929                0   -3.3868965e-08    2.8222036e-07     6.113666e-07   -1.4708714e-06     -0.068519548      -0.11661576
        0.3208656      -0.67789769                0   -3.0416558e-08    2.8659585e-07     6.058479e-07    -1.465075e-06     -0.069974624      -0.11566535
       0.32595748      -0.67546409                0   -2.7110257e-08    2.9106971e-07    6.0039338e-07   -1.4595438e-06     -0.071469113      -0.11471351
       0.33103094      -0.67299223                0   -2.3952293e-08    2.9564342e-07    5.9500059e-07   -1.4542834e-06     -0.073003352      -0.11376025
       0.33608562      -0.67048228                0   -2.0944956e-08    3.0031831e-07    5.8966754e-07   -1.4492996e-06     -0.074577615      -0.11280557
       0.34112129      -0.66793436                0   -1.8090429e-08    3.0509574e-07    5.8439201e-07   -1.4445977e-06     -0.076192223      -0.11184947
       0.34613764      -0.66534859                0   -1.5390878e-08    3.0997705e-07    5.7917214e-07   -1.4401835e-06     -0.077847488      -0.11089198
       0.35113439      -0.66272515                0   -1.1779006e-08    3.1245489e-07    5.7374217e-07   -1.4321929e-06     -0.079381883      -0.10984954
       0.35611126      -0.66006422                0   -7.6857782e-09    3.1401211e-07    5.6828083e-07     -1.42289e-06     -0.080896102      -0.10877074
       0.36106795      -0.65736592                0   -3.4716141e-09    3.1557309e-07    5.6288758e-07   -1.4136991e-06     -0.082450785      -0.10768621
       0.36600423      -0.65463036                0    8.6562935e-10    3.1713751e-07    5.5756095e-07   -1.4046221e-06       -0.0840462      -0.10659589
       0.37091976      -0.65185773                0    5.4079017e-09    3.1873265e-07    5.5145347e-07   -1.3947152e-06     -0.085511707      -0.10524902
       0.37581429      -0.64904827                0    1.0215357e-08    3.2041535e-07    5.4372856e-07   -1.3830849e-06     -0.086669162      -0.10338563
       0.38068753      -0.64620197                0    1.5115393e-08    3.2214447e-07    5.3611836e-07   -1.3716897e-06     -0.087863691      -0.10151269
       0.38553923      -0.64331913                0    2.0109404e-08     3.239202e-07    5.2862219e-07   -1.3605343e-06     -0.089095518     -0.099630356
       0.39036912      -0.64039981                0    2.5198684e-08    3.2574277e-07    5.2124011e-07   -1.3496222e-06     -0.090364926     -0.097738661
       0.39517689      -0.63744432                0    3.0384477e-08     3.276123e-07    5.1397177e-07   -1.3389576e-06       -0.0916721     -0.095837757
       0.39996228      -0.63445264                0    3.5667963e-08    3.2952903e-07     5.068174e-07   -1.3285442e-06     -0.093017325     -0.093927674
       0.40472502      -0.63142508                0    4.1050306e-08    3.3149311e-07    4.9977649e-07   -1.3183856e-06     -0.094400771     -0.092008546
       0.40946484      -0.62836182                0     4.653262e-08    3.3350469e-07    4.9284893e-07   -1.3084854e-06      -0.09582264     -0.090080485
       0.41418147      -0.62526292                0    5.2115951e-08    3.3556393e-07    4.8603482e-07    -1.298847e-06     -0.097283155     -0.088143528
       0.41887468      -0.62212861                0    5.7801323e-08    3.3767097e-07    4.7933383e-07   -1.2894736e-06     -0.098782487     -0.086197801
       0.42354414      -0.61895907                0    6.3111365e-08    3.3778829e-07    4.7236395e-07   -1.2801686e-06      -0.10008743     -0.084207654
       0.42818964      -0.61575454                0    6.8315572e-08    3.3735765e-07    4.6534936e-07    -1.271031e-06      -0.10135473     -0.082192339
       0.43281087      -0.61251509                0    7.3557715e-08    3.3703171e-07    4.5840611e-07    -1.262121e-06      -0.10265806     -0.080162443
       0.43740761      -0.60924101                0    7.8838099e-08    3.3681098e-07    4.5153348e-07   -1.2534412e-06      -0.10399751     -0.078118064
       0.44197959      -0.60593235                0    8.4156945e-08    3.3669613e-07    4.4473137e-07   -1.2449937e-06      -0.10537322     -0.076059215
       0.44652656      -0.60258943                0    8.9514486e-08    3.3668761e-07     4.379992e-07    -1.236781e-06      -0.10678524     -0.073985979
        0.4510482      -0.59921241                0    9.4910838e-08    3.3678592e-07    4.3133682e-07   -1.2288057e-06      -0.10823365     -0.071898438
       0.45554432      -0.59580147                0    1.0034624e-07    3.3699152e-07    4.2474377e-07   -1.2210693e-06      -0.10971854     -0.069796637
       0.46001467      -0.59235674                0    1.0582082e-07    3.3730487e-07       4.1822e-07    -1.213574e-06         -0.11124      -0.06768062
       0.46445894      -0.58887851                0    1.1133461e-07    3.3772633e-07     4.117652e-07   -1.2063221e-06      -0.11279803     -0.065550506
       0.46887693       -0.5853669                0    1.1688778e-07    3.3825637e-07    4.0537924e-07   -1.1993149e-06      -0.11439272     -0.063406333
       0.47326836      -0.58182216                0    1.2285184e-07    3.3892937e-07    3.9796629e-07   -1.1912613e-06      -0.11565653      -0.06098558
         0.477633      -0.57824451                0    1.2944668e-07    3.3963696e-07    3.8925819e-07   -1.1815928e-06       -0.1164544     -0.058195796
       0.48197061      -0.57463408                0    1.3620631e-07    3.4028398e-07    3.8078451e-07    -1.172012e-06      -0.11728098     -0.055392109
       0.48628092      -0.57099116                0    1.4313107e-07    3.4086986e-07    3.7254608e-07   -1.1625203e-06      -0.11813632     -0.052574713
       0.49056369      -0.56731588                0    1.5022134e-07     3.413943e-07    3.6454375e-07   -1.1531187e-06      -0.11902048     -0.049743719
       0.49481869      -0.56360847                0     1.568082e-07    3.4048085e-07     3.584519e-07   -1.1418762e-06      -0.11974257     -0.046919625
       0.49904564      -0.55986911                0    1.6295478e-07    3.3837418e-07    3.5388965e-07   -1.1293346e-06      -0.12033132     -0.044094305
        0.5032444       -0.5560981                0     1.692037e-07    3.3622348e-07    3.4943398e-07   -1.1171666e-06      -0.12094466     -0.041249566
       0.50741458      -0.55229563                0    1.7555476e-07    3.3402884e-07    3.4508562e-07   -1.1053738e-06       -0.1215826     -0.038385566
       0.51155609      -0.54846179                0    1.8200802e-07    3.3179003e-07    3.4084454e-07   -1.0939576e-06      -0.12224517     -0.035502363
       0.51566863      -0.54459697                0    1.8856321e-07    3.2950706e-07    3.3671088e-07   -1.0829194e-06      -0.12293232      -0.03260019
       0.51975197      -0.54070133                0    1.9522014e-07    3.2717989e-07    3.3268489e-07   -1.0722605e-06      -0.12364405      -0.02967919
       0.52380586      -0.53677505                0    2.0197857e-07    3.2480864e-07     3.287669e-07   -1.0619817e-06      -0.12438035     -0.026739493
       0.52783012      -0.53281832                0    2.0883827e-07    3.2239328e-07    3.2495703e-07   -1.0520837e-06       -0.1251412     -0.023781221
       0.53182447      -0.52883148                0    2.1579878e-07    3.1993395e-07    3.2125547e-07   -1.0425676e-06      -0.12592654     -0.020804631
       0.53578871      -0.52481472                0    2.2285977e-07    3.1743073e-07    3.1766237e-07   -1.0334337e-06      -0.12673633     -0.017809855
       0.53972262      -0.52076823                0    2.3002079e-07    3.1488389e-07    3.1417807e-07   -1.0246824e-06      -0.12757051     -0.014797036
       0.54362595      -0.51669222                0     2.372814e-07    3.1229359e-07    3.1080279e-07   -1.0163142e-06      -0.12842906     -0.011766367
       0.54749852      -0.51258695                0     2.450592e-07    3.1008932e-07     3.067795e-07   -1.0074643e-06       -0.1289596    -0.0086510312
        0.5513401      -0.50845265                0    2.5387283e-07    3.0884576e-07    3.0135175e-07   -9.9709996e-07      -0.12874626    -0.0053748898
       0.55515045      -0.50428963                0    2.6283527e-07     3.076749e-07    2.9621907e-07   -9.8707403e-07      -0.12854679    -0.0020836657
       0.55892932      -0.50009799                0    2.7194591e-07    3.0657691e-07    2.9138164e-07   -9.7738609e-07      -0.12836112     0.0012225052
       0.56267661      -0.49587807                0    2.8120382e-07    3.0555168e-07    2.8683888e-07   -9.6803603e-07      -0.12818924     0.0045433939
         0.566392      -0.49163005                0    2.8973983e-07    3.0408972e-07    2.8313457e-07    -9.583274e-07      -0.12790686     0.0078331484
       0.57007533      -0.48735419                0    2.9692225e-07    3.0178094e-07    2.8051949e-07   -9.4763993e-07       -0.1274296       0.01106465
       0.57372642      -0.48305076                0    3.0416771e-07    2.9943953e-07    2.7804055e-07   -9.3705791e-07        -0.126963      0.014315089
       0.57734495      -0.47871995                0    3.1147562e-07    2.9706618e-07    2.7569814e-07   -9.2658161e-07      -0.12650709      0.017584264
       0.58093083      -0.47436205                0    3.1884525e-07    2.9466139e-07    2.7349193e-07   -9.1621121e-07       -0.1260618      0.020871947
        0.5844838      -0.46997729                0    3.2627594e-07    2.9222576e-07    2.7142201e-07   -9.0594682e-07      -0.12562717      0.024177905
        0.5880037      -0.46556592                0    3.3376705e-07    2.8975995e-07    2.6948828e-07    -8.957885e-07      -0.12520315      0.027501922
       0.59149033      -0.46112818                0    3.4131787e-07    2.8726464e-07    2.6769067e-07   -8.8573626e-07      -0.12478974      0.030843785
        0.5949434      -0.45666435                0    3.4892756e-07    2.8474068e-07    2.6602919e-07   -8.7579031e-07       -0.1243869      0.034203198
       0.59836286      -0.45217463                0    3.5659545e-07    2.8218867e-07    2.6450357e-07   -8.6595031e-07      -0.12399461      0.037579998
       0.60174841      -0.44765934                0    3.6432067e-07    2.7960954e-07    2.6311383e-07   -8.5621639e-07      -0.12361282      0.040973879
       0.60509986      -0.44311869                0    3.7206911e-07    2.7666792e-07    2.6072118e-07   -8.4598616e-07      -0.12290159      0.044285361
       0.60841703      -0.43855295                0    3.7978288e-07     2.729025e-07    2.5581738e-07    -8.345358e-07      -0.12136793      0.047369242
       0.61169982      -0.43396237                0    3.8753689e-07    2.6914222e-07      2.51237e-07   -8.2340455e-07      -0.11983513      0.050465122
       0.61494792      -0.42934722                0    3.9533029e-07      2.65388e-07    2.4697863e-07    -8.125906e-07      -0.11830322      0.053572763
        0.6181612      -0.42470777                0    4.0316237e-07    2.6164054e-07    2.4304043e-07   -8.0209196e-07      -0.11677226      0.056691941
        0.6213395      -0.42004427                0    4.1103232e-07    2.5790058e-07    2.3942059e-07   -7.9190647e-07      -0.11524229      0.059822444
       0.62448263      -0.41535699                0    4.1893932e-07    2.5416895e-07    2.3611719e-07    -7.820318e-07      -0.11371332      0.062964045
       0.62759042      -0.41064617                0    4.2688259e-07     2.504465e-07    2.3312819e-07   -7.7246568e-07       -0.1121854      0.066116527
       0.63066262      -0.40591213                0    4.3486114e-07     2.467342e-07    2.3045163e-07   -7.6320555e-07      -0.11065859      0.069279619
       0.63369912      -0.40115508                0    4.4287424e-07    2.4303284e-07    2.2808516e-07   -7.5424873e-07      -0.10913291      0.072453111
        0.6366998      -0.39637533                0    4.5092102e-07    2.3934319e-07     2.260264e-07    -7.455925e-07      -0.10760839      0.075636767
       0.63966435      -0.39157313                0    4.5759293e-07    2.3558208e-07    2.2443757e-07   -7.3660436e-07      -0.10590972      0.078700244
       0.64259273      -0.38674876                0    4.6380063e-07    2.3185251e-07    2.2307617e-07   -7.2750242e-07      -0.10414755      0.081728533
       0.64548469      -0.38190249                0    4.7006381e-07    2.2819358e-07    2.2185981e-07   -7.1849001e-07      -0.10238636      0.084769636
       0.64834011       -0.3770346                0    4.7638159e-07    2.2460556e-07     2.207876e-07   -7.0956656e-07      -0.10062622      0.087823294
       0.65115881      -0.37214535                0    4.8062373e-07    2.2396863e-07    2.2056575e-07   -7.0108206e-07     -0.098444238      0.090501539
       0.65394068      -0.36723506                0    4.8317378e-07    2.2523977e-07    2.2091407e-07    -6.928334e-07     -0.095957778      0.092911266
       0.65668553      -0.36230394                0    4.8549657e-07    2.2630778e-07    2.2130752e-07   -6.8454369e-07     -0.093468122      0.095328286
       0.65939313      -0.35735232                0      4.87595e-07    2.2717694e-07    2.2174652e-07    -6.762142e-07     -0.090975434      0.097752385
       0.66206342      -0.35238048                0    4.8947231e-07    2.2785142e-07    2.2223139e-07   -6.6784588e-07     -0.088479854       0.10018336
       0.66469628      -0.34738865                0    4.9113157e-07    2.2833567e-07    2.2276252e-07   -6.5943982e-07     -0.085981473       0.10262103
       0.66729146      -0.34237719                0    4.9257613e-07    2.2863436e-07    2.2334044e-07   -6.5099732e-07     -0.083480477       0.10506516
        0.6698488      -0.33734632                0    5.0009021e-07    2.2637607e-07    2.1915757e-07   -6.4385313e-07     -0.080643192       0.10705342
       0.67236829      -0.33229637                0    5.0898717e-07    2.2401832e-07    2.1438962e-07   -6.3707478e-07     -0.077746361       0.10896868
       0.67484969      -0.32722759                0    5.1826839e-07    2.2198523e-07    2.0983873e-07   -6.3045445e-07     -0.074845016       0.11088669
       0.67729288      -0.32214028                0    5.2792706e-07    2.2027295e-07    2.0550227e-07   -6.2398976e-07     -0.071939304       0.11280727
       0.67969769      -0.31703472                0     5.379564e-07    2.1887762e-07    2.0137763e-07   -6.1767867e-07     -0.069029428       0.11473028
       0.68206406      -0.31191123                0    5.4834925e-07    2.1779508e-07    1.9746199e-07   -6.1151871e-07     -0.066115558       0.11665552
        0.6843918      -0.30677009                0    5.5802678e-07    2.1482236e-07    1.9500754e-07   -6.0401794e-07     -0.063111208       0.11839366
       0.68668079      -0.30161154                0    5.6519298e-07    2.0672189e-07    1.9570659e-07   -5.9342602e-07     -0.059903417       0.11969788
       0.68893087      -0.29643595                0    5.7209132e-07    1.9833152e-07    1.9671639e-07   -5.8324656e-07     -0.056690514       0.12100067
       0.69114196      -0.29124355                0    5.7872745e-07    1.8965909e-07    1.9803161e-07   -5.7347114e-07     -0.053472668       0.12230191
        0.6933139      -0.28603467                0    5.8510659e-07    1.8071293e-07    1.9964693e-07   -5.6409147e-07     -0.050250109       0.12360148
       0.69544661      -0.28080958                0    5.9123425e-07    1.7150121e-07    2.0155684e-07   -5.5509878e-07     -0.047023021       0.12489928
       0.69753993       -0.2755686                0    5.9711613e-07    1.6203256e-07    2.0375577e-07   -5.4648456e-07     -0.043791644       0.12619519
       0.69959372      -0.27031204                0    6.0097022e-07    1.6153179e-07     2.060462e-07   -5.3755218e-07     -0.040404025       0.12686467
       0.70160794      -0.26504013                0    6.0474167e-07    1.6239622e-07    2.0830669e-07   -5.2866955e-07     -0.036993045       0.12745318
       0.70358247      -0.25975326                0    6.0866495e-07     1.635306e-07    2.1054574e-07   -5.1990389e-07     -0.033577427       0.12803629
       0.70551711      -0.25445163                0    6.1273613e-07    1.6493115e-07    2.1276523e-07   -5.1125187e-07     -0.030157354       0.12861396
       0.70741177      -0.24913563                0    6.1695101e-07    1.6659372e-07    2.1496695e-07   -5.0271041e-07     -0.026733112       0.12918614
       0.70926642      -0.24380551                0     6.213055e-07    1.6851388e-07    2.1715262e-07   -4.9427604e-07     -0.023304898       0.12975281
       0.71108091       -0.2384616                0    6.2357083e-07    1.6905446e-07    2.1948973e-07   -4.8727657e-07      -0.01981228       0.13000929
       0.71285516      -0.23310417                0    6.2258277e-07    1.6605885e-07    2.2114429e-07   -4.8379621e-07     -0.016262209        0.1296683
         0.714589      -0.22773355                0    6.2173672e-07    1.6318891e-07    2.2267686e-07   -4.8041983e-07     -0.012712101       0.12932268
       0.71628237      -0.22235003                0    6.2102919e-07    1.6044405e-07    2.2409213e-07   -4.7714377e-07    -0.0091621447       0.12897246
        0.7179352      -0.21695393                0    6.2045672e-07    1.5782358e-07    2.2539486e-07   -4.7396449e-07    -0.0056125512       0.12861764
       0.71954739      -0.21154554                0    6.2001573e-07    1.5532703e-07    2.2658988e-07   -4.7087832e-07    -0.0020635123       0.12825827
       0.72111887      -0.20612517                0    6.1970263e-07    1.5295373e-07    2.2768204e-07   -4.6788159e-07     0.0014847659       0.12789436
       0.72264946      -0.20069313                0    6.2421299e-07    1.4954203e-07    2.3013527e-07   -4.6082258e-07      0.004936384       0.12693663
       0.72413915      -0.19524972                0    6.2986555e-07    1.4596898e-07    2.3293371e-07   -4.5255226e-07     0.0083610788       0.12581806
       0.72558784      -0.18979527                0    6.3541211e-07    1.4253924e-07    2.3570522e-07   -4.4413574e-07      0.011783591        0.1246926
       0.72699547      -0.18433006                0     6.408581e-07    1.3925121e-07    2.3845243e-07   -4.3557799e-07      0.015203769       0.12356035
        0.7283619      -0.17885442                0    6.4620878e-07    1.3610345e-07    2.4117818e-07   -4.2688404e-07      0.018621415       0.12242141
       0.72968715      -0.17336865                0    6.5146963e-07    1.3309418e-07    2.4388504e-07   -4.1805896e-07      0.022036383       0.12127588
       0.73097104      -0.16787307                0    6.5467879e-07    1.2962556e-07    2.4585444e-07   -4.0914395e-07      0.025344806       0.11985289
        0.7322135      -0.16236797                0    6.5487137e-07    1.2531585e-07    2.4684655e-07   -4.0033888e-07      0.028485086       0.11799254
       0.73341459      -0.15685369                0    6.5524125e-07     1.210966e-07    2.4807744e-07   -3.9165937e-07      0.031621058       0.11612395
       0.73457408      -0.15133052                0    6.5578166e-07    1.1696864e-07    2.4953766e-07    -3.830985e-07      0.034752574       0.11424728
       0.73569202      -0.14579879                0     6.564855e-07    1.1293208e-07    2.5121739e-07    -3.746496e-07      0.037879527       0.11236275
       0.73676825      -0.14025879                0    6.5734571e-07    1.0898763e-07    2.5310689e-07   -3.6630576e-07      0.041001778        0.1104705
        0.7378028      -0.13471086                0    6.5820672e-07    1.0547937e-07    2.5519407e-07   -3.5826821e-07      0.044098195       0.10853831
       0.73879558      -0.12915531                0    6.5640495e-07    1.0829846e-07    2.5735824e-07   -3.5406191e-07       0.04680644       0.10600758
       0.73974651      -0.12359243                0    6.5454668e-07    1.1116536e-07     2.595701e-07   -3.4985206e-07      0.049508397       0.10346823
        0.7406556      -0.11802256                0    6.5263657e-07    1.1408345e-07    2.6182803e-07   -3.4563746e-07      0.052204017       0.10092054
       0.74152267        -0.112446                0    6.5067991e-07    1.1705659e-07    2.6413056e-07   -3.4141667e-07      0.054893222      0.098364778
       0.74234784      -0.10686308                0    6.4868146e-07    1.2008789e-07    2.6647601e-07   -3.3718848e-07      0.057575997      0.095801197
       0.74313092      -0.10127411                0     6.466463e-07    1.2318122e-07    2.6886292e-07   -3.3295149e-07       0.06025226      0.093230076
       0.74387193      -0.09567941                0    6.4371136e-07    1.2338634e-07       2.7245e-07    -3.263934e-07      0.062519789      0.090253793
       0.74457085     -0.090079285                0    6.4051477e-07    1.2288507e-07    2.7632993e-07   -3.1917486e-07      0.064661041      0.087152272
       0.74522758     -0.084474064                0    6.3731852e-07    1.2255606e-07    2.8015577e-07   -3.1197735e-07      0.066794589      0.084043115
        0.7458421     -0.078864053                0    6.3412551e-07    1.2239295e-07    2.8393481e-07   -3.0479615e-07      0.068920456      0.080926679
       0.74641442     -0.073249578                0    6.3093859e-07    1.2238945e-07    2.8767428e-07   -2.9762649e-07      0.071038686      0.077803299
       0.74694449     -0.067630962                0    6.2776076e-07    1.2253932e-07    2.9138155e-07   -2.9046362e-07      0.073149331       0.07467334
       0.74743223     -0.062008511                0    6.2538555e-07    1.1860794e-07    2.9442586e-07   -2.8372267e-07      0.074926712      0.071333736
       0.74787766     -0.056382552                0     6.237504e-07    1.1106913e-07    2.9695528e-07   -2.7737281e-07       0.07640937      0.067808926
       0.74828076       -0.0507534                0    6.2216697e-07    1.0363205e-07     2.995483e-07   -2.7104338e-07      0.077883795      0.064278118
       0.74864149     -0.045121372                0    6.2063287e-07    9.6295409e-08    3.0220045e-07     -2.64725e-07      0.079350129      0.060741715
       0.74895978     -0.039486792                0    6.1914574e-07    8.9057856e-08    3.0490719e-07   -2.5840828e-07      0.080808498      0.057200119
       0.74923575     -0.033849973                0    6.1770299e-07    8.1917712e-08    3.0766395e-07   -2.5208396e-07      0.082259096      0.053653751
       0.74946922     -0.028211242                0    6.1482984e-07    7.6960646e-08    3.0927873e-07   -2.4695694e-07      0.083488323      0.050029356
       0.74966031      -0.02257091                0     6.088253e-07    7.6598305e-08    3.0836304e-07   -2.4438975e-07      0.084249757      0.046242353
       0.74980891     -0.016929301                0    6.0285652e-07    7.6338623e-08    3.0746676e-07    -2.417548e-07      0.085003518      0.042451683
       0.74991506     -0.011286733                0    5.9692138e-07    7.6176164e-08    3.0659274e-07   -2.3905719e-07      0.085749872      0.038657799
       0.74997878    -0.0056435266                0    5.9101774e-07    7.6105607e-08    3.0574395e-07   -2.3630182e-07      0.086489096      0.034861159
             0.75   -4.8145332e-14                0    5.8514354e-07    7.6121758e-08    3.0492336e-07   -2.3349362e-07      0.087221444      0.031062212
