            x [m]            y [m]            z [m]   FieldxRe [V/m]   FieldxIm [V/m]   FieldyRe [V/m]   FieldyIm [V/m]   FieldzRe [V/m]   FieldzIm [V/m]
---------------------------------------------------------------------------------------------------------------------------------------------------------
             0.75                0                0   -4.1730434e-07   -4.2221043e-07   -2.1613114e-07    1.4902876e-07    -0.0070843659     -0.054835595
       0.74997878     0.0056435266                0   -4.2239139e-07   -4.2303898e-07   -2.1203839e-07    1.4416534e-07    -0.0074800029     -0.054901358
       0.74991506      0.011286733                0   -4.2602187e-07   -4.2153627e-07   -2.0876556e-07    1.3774766e-07    -0.0078459494     -0.054965962
       0.74980891      0.016929301                0     -4.29518e-07   -4.2011388e-07    -2.055107e-07    1.3131158e-07    -0.0082502998     -0.055033688
       0.74966031       0.02257091                0    -4.328713e-07   -4.1877706e-07    -2.022786e-07     1.248586e-07    -0.0086930841      -0.05510474
       0.74946922      0.028211242                0   -4.3607309e-07    -4.175312e-07   -1.9907404e-07    1.1839022e-07    -0.0091743805     -0.055179324
       0.74923575      0.033849973                0   -4.3911533e-07   -4.1638131e-07   -1.9590172e-07    1.1190802e-07    -0.0096941069     -0.055257637
       0.74895978      0.039486792                0    -4.419891e-07   -4.1533289e-07   -1.9276645e-07    1.0541343e-07     -0.010252405     -0.055339891
       0.74864149      0.045121372                0   -4.4177185e-07    -4.088306e-07   -1.9122842e-07    9.9266956e-08     -0.010772154     -0.055414006
       0.74828076        0.0507534                0   -4.4114421e-07   -4.0180063e-07   -1.8985884e-07    9.3183139e-08     -0.011322699     -0.055490863
       0.74787766      0.056382552                0   -4.4040479e-07   -3.9478635e-07   -1.8849894e-07    8.7135703e-08     -0.011911735     -0.055571798
       0.74743223      0.062008511                0   -4.3955771e-07   -3.8777762e-07   -1.8714724e-07    8.1132782e-08     -0.012539212      -0.05565694
       0.74694449      0.067630962                0   -4.3860661e-07   -3.8076436e-07   -1.8580228e-07     7.518247e-08     -0.013205145     -0.055746429
       0.74641442      0.073249578                0   -4.3755529e-07   -3.7373661e-07   -1.8446261e-07    6.9292874e-08     -0.013909549     -0.055840388
        0.7458421      0.078864053                0   -4.3239453e-07   -3.7262743e-07   -1.8365837e-07    6.3405665e-08      -0.01459093     -0.055925228
       0.74522758      0.084474064                0   -4.2534222e-07   -3.7435689e-07   -1.8295225e-07     5.746233e-08     -0.015282813     -0.056007992
       0.74457085      0.090079285                0   -4.1822449e-07   -3.7627723e-07   -1.8205965e-07    5.1470842e-08     -0.016013015     -0.056094859
       0.74387193       0.09567941                0   -4.1104698e-07   -3.7840076e-07   -1.8096173e-07    4.5426809e-08      -0.01678155     -0.056185894
       0.74313092       0.10127411                0   -4.0381582e-07   -3.8073938e-07   -1.7963978e-07    3.9325908e-08     -0.017588304     -0.056281134
       0.74234784       0.10686308                0   -3.9653659e-07   -3.8330518e-07   -1.7807511e-07    3.3163776e-08     -0.018433291     -0.056380648
       0.74152267         0.112446                0   -4.0486589e-07   -3.8444128e-07   -1.7194573e-07    2.4033728e-08     -0.019248588     -0.056467108
        0.7406556       0.11802256                0   -4.1857825e-07   -3.8497001e-07   -1.6422925e-07    1.3887651e-08     -0.020077582     -0.056550875
       0.73974651       0.12359243                0   -4.3204824e-07    -3.854405e-07   -1.5649672e-07    3.7786889e-09     -0.020944625      -0.05663804
       0.73879558       0.12915531                0    -4.452686e-07   -3.8584312e-07   -1.4874844e-07   -6.2901364e-09     -0.021849556     -0.056728579
        0.7378028       0.13471086                0   -4.5823128e-07   -3.8616838e-07   -1.4098465e-07   -1.6315791e-08     -0.022792358     -0.056822475
       0.73676825       0.14025879                0   -4.7092874e-07   -3.8640692e-07   -1.3320562e-07   -2.6295291e-08     -0.023772979     -0.056919716
       0.73569202       0.14579879                0   -4.5959774e-07   -3.8615781e-07   -1.2855504e-07   -2.5030113e-08     -0.024719534     -0.057001352
       0.73457408       0.15133052                0   -4.4028269e-07   -3.8602411e-07   -1.2515633e-07   -1.9756806e-08     -0.025679218     -0.057078768
       0.73341459       0.15685369                0   -4.2114124e-07   -3.8620098e-07    -1.219792e-07   -1.4254697e-08     -0.026676254      -0.05715815
        0.7322135       0.16236797                0   -4.0218839e-07   -3.8670106e-07   -1.1903592e-07   -8.5117566e-09     -0.027710682     -0.057239432
       0.73097104       0.16787307                0   -3.8343958e-07   -3.8753615e-07   -1.1633873e-07   -2.5160385e-09     -0.028782262      -0.05732251
       0.72968715       0.17336865                0   -3.6490954e-07   -3.8871872e-07   -1.1389971e-07    3.7442982e-09     -0.029891033     -0.057407316
        0.7283619       0.17885442                0   -3.6058927e-07   -3.8447519e-07   -1.1015275e-07    3.2043737e-09     -0.030976048     -0.057478752
       0.72699547       0.18433006                0   -3.6186415e-07    -3.776446e-07   -1.0560693e-07   -3.8582515e-10     -0.032072015     -0.057544287
       0.72558784       0.18979527                0   -3.6271555e-07   -3.7057308e-07   -1.0085058e-07   -4.0983648e-09       -0.0332046     -0.057609964
       0.72413915       0.19524972                0   -3.6313079e-07   -3.6324681e-07   -9.5874988e-08    -7.939077e-09      -0.03437366     -0.057675645
       0.72264946       0.20069313                0   -3.6367572e-07   -3.5593536e-07   -9.0574218e-08   -1.3481556e-08     -0.035567947     -0.057738848
       0.72111887       0.20612517                0   -3.6806014e-07   -3.5049791e-07   -8.4321414e-08   -2.9855855e-08     -0.036721803      -0.05778493
       0.71954739       0.21154554                0   -3.7258863e-07   -3.4516194e-07   -7.7733162e-08   -4.6300016e-08     -0.037911493      -0.05782922
        0.7179352       0.21695393                0   -3.7727119e-07   -3.3992833e-07    -7.079791e-08   -6.2817186e-08      -0.03913679     -0.057871535
       0.71628237       0.22235003                0   -3.8211741e-07   -3.3479816e-07   -6.3504181e-08   -7.9410462e-08     -0.040397607     -0.057911694
         0.714589       0.22773355                0   -3.8713694e-07   -3.2977226e-07   -5.5840658e-08   -9.6082978e-08     -0.041693777     -0.057949521
       0.71285516       0.23310417                0   -3.9233908e-07   -3.2485167e-07   -4.7796142e-08   -1.1283768e-07     -0.043025214     -0.057984844
       0.71108091        0.2384616                0   -3.8818692e-07   -3.2383204e-07     -4.48285e-08   -1.1903917e-07     -0.044295277     -0.058002722
       0.70926642       0.24380551                0   -3.8333116e-07   -3.2204937e-07   -4.2128377e-08   -1.2433553e-07     -0.045530871     -0.057897102
       0.70741177       0.24913563                0   -3.7785702e-07   -3.1888362e-07   -3.9323577e-08   -1.2915903e-07     -0.046704128     -0.057604205
       0.70551711       0.25445163                0   -3.7220667e-07   -3.1567541e-07   -3.6187377e-08   -1.3389204e-07      -0.04791085     -0.057297491
       0.70358247       0.25975326                0   -3.6637826e-07   -3.1242303e-07   -3.2711483e-08   -1.3853268e-07     -0.049151052     -0.056976683
       0.70160794       0.26504013                0   -3.6037028e-07   -3.0912491e-07   -2.8887893e-08   -1.4307901e-07     -0.050424654      -0.05664153
       0.69959372       0.27031204                0   -3.4743223e-07   -3.1248169e-07   -2.3316097e-08   -1.4868425e-07     -0.051663198      -0.05628702
       0.69753993        0.2755686                0   -3.3145807e-07   -3.1875797e-07   -1.6913972e-08   -1.5463007e-07     -0.052904144     -0.055913758
       0.69544661       0.28080958                0   -3.1548504e-07   -3.2496251e-07   -1.0326112e-08   -1.6038435e-07     -0.054177832     -0.055523243
        0.6933139       0.28603467                0   -2.9951599e-07   -3.3109339e-07   -3.5493457e-09   -1.6594315e-07     -0.055484176     -0.055115182
       0.69114196       0.29124355                0    -2.835539e-07   -3.3714869e-07    3.4193945e-09   -1.7130264e-07     -0.056823049     -0.054689303
       0.68893087       0.29643595                0   -2.6760142e-07    -3.431266e-07    1.0583257e-08   -1.7645908e-07     -0.058194403     -0.054245312
       0.68668079       0.30161154                0   -2.5587315e-07   -3.4329088e-07    1.7550974e-08   -1.8130821e-07     -0.059568316     -0.053784389
        0.6843918       0.30677009                0   -2.5339722e-07   -3.3099653e-07     2.373902e-08   -1.8576711e-07     -0.060908269     -0.053306725
       0.68206406       0.31191123                0   -2.5084356e-07    -3.190591e-07    2.9959928e-08    -1.900772e-07     -0.062279645     -0.052808195
       0.67969769       0.31703472                0   -2.4821313e-07   -3.0748524e-07    3.6213201e-08   -1.9423634e-07     -0.063682333     -0.052288495
       0.67729288       0.32214028                0   -2.4550693e-07   -2.9628151e-07    4.2498211e-08   -1.9824233e-07     -0.065116182     -0.051747356
       0.67484969       0.32722759                0   -2.4272566e-07   -2.8545449e-07    4.8814492e-08   -2.0209299e-07     -0.066581137     -0.051184475
       0.67236829       0.33229637                0    -2.398703e-07   -2.7501048e-07    5.5161422e-08   -2.0578624e-07     -0.068077058     -0.050599586
        0.6698488       0.33734632                0   -2.3479575e-07   -2.6985145e-07    6.3708022e-08    -2.104773e-07     -0.069530971     -0.050007083
       0.66729146       0.34237719                0   -2.2922993e-07   -2.6579454e-07    7.2895382e-08   -2.1556241e-07     -0.070995755     -0.049394369
       0.66469628       0.34738865                0   -2.2374444e-07   -2.6151025e-07    8.2170317e-08   -2.2077461e-07     -0.072490081     -0.048757192
       0.66206342       0.35238048                0   -2.1834261e-07   -2.5699447e-07    9.1533238e-08    -2.261167e-07     -0.074013785     -0.048095293
       0.65939313       0.35735232                0   -2.1302782e-07   -2.5224327e-07    1.0098427e-07   -2.3159123e-07     -0.075566649     -0.047408413
       0.65668553       0.36230394                0   -2.0780313e-07   -2.4725276e-07    1.1052389e-07   -2.3720079e-07     -0.077148564     -0.046696302
       0.65394068       0.36723506                0   -2.0219521e-07   -2.4203601e-07    1.1993724e-07   -2.4295213e-07     -0.078749523     -0.045962811
       0.65115881       0.37214535                0   -1.9294015e-07   -2.3695186e-07     1.279894e-07   -2.4883664e-07      -0.08030232      -0.04523452
       0.64834011        0.3770346                0   -1.8360912e-07   -2.3207141e-07    1.3649048e-07   -2.5479082e-07     -0.081882276     -0.044479053
       0.64548469       0.38190249                0   -1.7420258e-07   -2.2739722e-07    1.4544543e-07   -2.6081588e-07     -0.083489276     -0.043696158
       0.64259273       0.38674876                0   -1.6472114e-07   -2.2293163e-07    1.5485894e-07   -2.6691313e-07     -0.085123152     -0.042885609
       0.63966435       0.39157313                0   -1.5516524e-07   -2.1867702e-07    1.6473567e-07   -2.7308366e-07     -0.086783759      -0.04204718
        0.6366998       0.39637533                0   -1.4541993e-07   -2.1369704e-07    1.7487832e-07    -2.783359e-07     -0.088298619     -0.041066889
       0.63369912       0.40115508                0   -1.3558233e-07   -2.0773209e-07    1.8337536e-07   -2.8091523e-07     -0.089342073      -0.03976234
       0.63066262       0.40591213                0    -1.270667e-07   -2.0577373e-07    1.8802881e-07   -2.8389258e-07      -0.09031938     -0.038480558
       0.62759042       0.41064617                0   -1.1860475e-07   -2.0393303e-07     1.930118e-07   -2.8692475e-07      -0.09132009     -0.037158966
       0.62448263       0.41535699                0   -1.1019821e-07    -2.022115e-07    1.9832689e-07   -2.9001316e-07     -0.092344135     -0.035797343
        0.6213395       0.42004427                0    -1.018491e-07   -2.0061063e-07    2.0397624e-07   -2.9315919e-07     -0.093391418     -0.034395505
        0.6181612       0.42470777                0   -9.3559251e-08   -1.9913186e-07    2.0996207e-07   -2.9636414e-07     -0.094461881      -0.03295327
       0.61494792       0.42934722                0   -8.5330399e-08   -1.9777653e-07    2.1628645e-07   -2.9962922e-07     -0.095555432     -0.031470463
       0.61169982       0.43396237                0   -7.7164231e-08   -1.9654598e-07    2.2295137e-07    -3.029557e-07     -0.096672006     -0.029946912
       0.60841703       0.43855295                0   -6.9062253e-08    -1.954414e-07     2.299588e-07   -3.0634445e-07     -0.097811565     -0.028382454
       0.60509986       0.44311869                0    -6.102632e-08   -1.9446406e-07    2.3731029e-07    -3.097968e-07     -0.098973975     -0.026776988
       0.60174841       0.44765934                0   -5.3057811e-08   -1.9361504e-07    2.4500758e-07   -3.1331359e-07       -0.1001592     -0.025130363
       0.59836286       0.45217463                0   -4.5158174e-08   -1.9289541e-07    2.5305224e-07   -3.1689575e-07      -0.10136717     -0.023442462
        0.5949434       0.45666435                0   -3.7328835e-08   -1.9230625e-07    2.6144568e-07   -3.2054419e-07       -0.1025978     -0.021713175
       0.59149033       0.46112818                0   -2.9571389e-08   -1.9184849e-07    2.7018896e-07   -3.2425976e-07      -0.10385098     -0.019942461
        0.5880037       0.46556592                0   -2.1886862e-08   -1.9152301e-07     2.792836e-07   -3.2804317e-07      -0.10512667     -0.018130183
        0.5844838       0.46997729                0   -1.5237164e-08   -1.8820761e-07    2.8691147e-07   -3.3187746e-07       -0.1063267     -0.016417857
       0.58093083       0.47436205                0   -8.8551335e-09   -1.8398681e-07    2.9423086e-07   -3.3581924e-07      -0.10751203     -0.014710978
       0.57734495       0.47871995                0   -2.4048905e-09   -1.7989616e-07     3.018371e-07   -3.3988152e-07      -0.10871445       -0.0129626
       0.57372642       0.48305076                0    4.1130459e-09   -1.7593641e-07    3.0973052e-07   -3.4406509e-07      -0.10993382     -0.011172706
       0.57007533       0.48735419                0    1.0698455e-08    -1.721083e-07     3.179118e-07   -3.4837038e-07      -0.11117013    -0.0093412455
         0.566392       0.49163005                0    1.7350676e-08   -1.6841251e-07    3.2638093e-07   -3.5279822e-07       -0.1124232    -0.0074682492
       0.56267661       0.49587807                0    2.3135883e-08    -1.618554e-07     3.347642e-07   -3.5586154e-07       -0.1130091    -0.0053799395
       0.55892932       0.50009799                0    2.8397082e-08   -1.5380874e-07    3.4319424e-07   -3.5806536e-07      -0.11319969    -0.0031410158
       0.55515045       0.50428963                0    3.3688792e-08   -1.4611702e-07    3.5189225e-07   -3.6028501e-07      -0.11340629   -0.00085506216
        0.5513401       0.50845265                0     3.901085e-08   -1.3878147e-07    3.6085839e-07   -3.6252021e-07      -0.11362895     0.0014779028
       0.54749852       0.51258695                0    4.4362771e-08   -1.3180329e-07    3.7009249e-07   -3.6477149e-07      -0.11386763     0.0038578101
       0.54362595       0.51669222                0    4.9744173e-08   -1.2518356e-07    3.7959433e-07   -3.6703881e-07      -0.11412232     0.0062845722
       0.53972262       0.52076823                0    5.5154679e-08   -1.1892317e-07    3.8936352e-07   -3.6932221e-07        -0.114393     0.0087580755
       0.53578871       0.52481472                0    6.0594026e-08   -1.1302283e-07    3.9939982e-07   -3.7162164e-07      -0.11467968       0.01127824
       0.53182447       0.52883148                0    6.6061851e-08   -1.0748312e-07    4.0970281e-07   -3.7393704e-07      -0.11498233       0.01384493
       0.52783012       0.53281832                0    7.1557785e-08   -1.0230449e-07    4.2027187e-07   -3.7626845e-07      -0.11530093      0.016458007
       0.52380586       0.53677505                0    7.6940537e-08   -9.8939537e-08    4.2765015e-07   -3.7944938e-07       -0.1155507      0.018888963
       0.51975197       0.54070133                0    8.2262773e-08   -9.6000434e-08    4.3477709e-07   -3.8287368e-07       -0.1157973      0.021330368
       0.51566863       0.54459697                0    8.7540755e-08    -9.326007e-08    4.4216748e-07   -3.8642401e-07      -0.11605292      0.023816019
       0.51155609       0.54846179                0    9.2774243e-08   -9.0718359e-08    4.4982062e-07   -3.9009993e-07      -0.11631752      0.026345756
       0.50741458       0.55229563                0    9.7963074e-08   -8.8375138e-08    4.5773587e-07   -3.9390108e-07       -0.1165911      0.028919384
        0.5032444        0.5560981                0    1.0310712e-07   -8.6230131e-08    4.6591239e-07   -3.9782645e-07      -0.11687366      0.031536669
       0.49904564       0.55986911                0    1.0820651e-07   -8.4282867e-08    4.7434978e-07   -4.0187538e-07      -0.11716523      0.034197483
       0.49481869       0.56360847                0    1.1326096e-07   -8.2533028e-08    4.8304662e-07   -4.0604735e-07      -0.11746574       0.03690153
       0.49056369       0.56731588                0    1.1747871e-07   -7.9860513e-08    4.9130767e-07   -4.0901455e-07       -0.1171646      0.039597142
       0.48628092       0.57099116                0    1.2078814e-07   -7.6084831e-08    4.9893185e-07    -4.104767e-07      -0.11613783       0.04227354
       0.48197061       0.57463408                0    1.2417358e-07   -7.2567033e-08    5.0673015e-07   -4.1201446e-07      -0.11511879      0.044992264
         0.477633       0.57824451                0    1.2763471e-07   -6.9306175e-08    5.1470181e-07   -4.1362708e-07      -0.11410747       0.04775307
       0.47326836       0.58182216                0    1.3117125e-07   -6.6301098e-08    5.2284599e-07   -4.1531331e-07      -0.11310399      0.050555654
       0.46887693        0.5853669                0    1.3478285e-07   -6.3550623e-08    5.3116179e-07   -4.1707233e-07      -0.11210833      0.053399727
       0.46445894       0.58887851                0    1.3846928e-07   -6.1053342e-08    5.3964834e-07    -4.189028e-07       -0.1111206      0.056285001
       0.46001467       0.59235674                0    1.4223018e-07   -5.8807757e-08     5.483048e-07   -4.2080339e-07      -0.11014084      0.059211142
       0.45554432       0.59580147                0    1.4606523e-07   -5.6812283e-08    5.5713008e-07    -4.227729e-07      -0.10916906      0.062177859
        0.4510482       0.59921241                0    1.4997408e-07   -5.5065168e-08    5.6612316e-07   -4.2480968e-07      -0.10820536      0.065184772
       0.44652656       0.60258943                0    1.5335281e-07   -5.2275972e-08    5.7211446e-07   -4.2675305e-07      -0.10720366      0.067995109
       0.44197959       0.60593235                0    1.5665172e-07   -4.9175156e-08    5.7739845e-07   -4.2878466e-07      -0.10618966      0.070771717
       0.43740761       0.60924101                0    1.6005681e-07   -4.6130339e-08    5.8294387e-07   -4.3096031e-07      -0.10517655       0.07358557
       0.43281087       0.61251509                0    1.6356762e-07   -4.3140865e-08    5.8874969e-07   -4.3327734e-07      -0.10416447      0.076436341
       0.42818964       0.61575454                0    1.6718349e-07    -4.020621e-08    5.9481425e-07   -4.3573371e-07      -0.10315347      0.079323687
       0.42354414       0.61895907                0    1.7090395e-07   -3.7325648e-08    6.0113621e-07   -4.3832648e-07      -0.10214373      0.082247265
       0.41887468       0.62212861                0    1.7402544e-07    -3.426949e-08    6.0746117e-07     -4.40657e-07      -0.10082515      0.085053369
       0.41418147       0.62526292                0    1.7497111e-07   -3.0668492e-08    6.1319014e-07   -4.4189972e-07     -0.098527402      0.087407887
       0.40946484       0.62836182                0    1.7592326e-07   -2.7321132e-08    6.1908764e-07   -4.4332376e-07     -0.096229173      0.089792885
       0.40472502       0.63142508                0    1.7688228e-07   -2.4224551e-08    6.2515301e-07   -4.4492535e-07      -0.09393061       0.09220802
       0.39996228       0.63445264                0    1.7784839e-07   -2.1375964e-08    6.3138515e-07   -4.4670139e-07     -0.091631837      0.094652943
       0.39517689       0.63744432                0    1.7882194e-07   -1.8772354e-08     6.377831e-07   -4.4864805e-07     -0.089333005      0.097127303
       0.39036912       0.64039981                0    1.7980335e-07   -1.6410507e-08    6.4434613e-07   -4.5076115e-07       -0.0870343      0.099630721
       0.38553923       0.64331913                0    1.8079284e-07    -1.428733e-08    6.5107292e-07   -4.5303727e-07     -0.084735833       0.10216284
       0.38068753       0.64620197                0    1.8179085e-07   -1.2399397e-08    6.5796269e-07   -4.5547196e-07     -0.082437791       0.10472324
       0.37581429       0.64904827                0    1.8279769e-07   -1.0743346e-08    6.6501417e-07   -4.5806132e-07       -0.0801403       0.10731156
       0.37091976       0.65185773                0    1.8381384e-07   -9.3154586e-09    6.7222646e-07   -4.6080049e-07     -0.077843554       0.10992738
       0.36600423       0.65463036                0    1.8483959e-07    -8.112222e-09    6.7959832e-07   -4.6368578e-07     -0.075547658       0.11257031
       0.36106795       0.65736592                0    1.8587539e-07   -7.1297723e-09     6.871287e-07   -4.6671215e-07     -0.073252797       0.11523993
       0.35611126       0.66006422                0    1.8692165e-07   -6.3642198e-09    6.9481638e-07     -4.69875e-07     -0.070959128       0.11793578
       0.35113439       0.66272515                0    1.8797881e-07   -5.8115663e-09    7.0266015e-07   -4.7316959e-07     -0.068666801       0.12065747
       0.34613764       0.66534859                0    1.8915227e-07   -4.9602278e-09    7.0970651e-07   -4.7639963e-07     -0.066124544       0.12309412
       0.34112129       0.66793436                0    1.9083629e-07   -2.7136977e-09    7.1257284e-07   -4.7830144e-07     -0.062902138       0.12457561
       0.33608562       0.67048228                0    1.9265987e-07   -4.8905946e-10    7.1372733e-07   -4.7934054e-07     -0.059666868       0.12592438
       0.33103094       0.67299223                0    1.9449558e-07    1.5231691e-09     7.150241e-07   -4.8048861e-07     -0.056426551        0.1272904
       0.32595748       0.67546409                0    1.9634385e-07    3.3276919e-09    7.1646292e-07   -4.8174098e-07     -0.053181432        0.1286734
        0.3208656       0.67789769                0    1.9820507e-07    4.9293014e-09    7.1804379e-07   -4.8309278e-07     -0.049931839       0.13007312
       0.31575552        0.6802929                0    2.0007967e-07    6.3329395e-09     7.197666e-07   -4.8453904e-07     -0.046678007       0.13148925
       0.31062758       0.68264961                0    2.0196805e-07    7.5435409e-09    7.2163118e-07    -4.860749e-07     -0.043420244       0.13292149
       0.30548206        0.6849677                0    2.0387064e-07    8.5661984e-09    7.2363741e-07   -4.8769533e-07     -0.040158831       0.13436958
       0.30031922       0.68724692                0    2.0578798e-07    9.4063299e-09    7.2578547e-07   -4.8939472e-07     -0.036894068        0.1358332
        0.2951394       0.68948728                0    2.0772042e-07    1.0068996e-08    7.2807484e-07   -4.9116829e-07     -0.033626229       0.13731207
       0.28994286        0.6916886                0    2.0966846e-07    1.0559718e-08    7.3050563e-07   -4.9301048e-07     -0.030355603       0.13880585
        0.2847299       0.69385076                0     2.116326e-07    1.0883983e-08    7.3307757e-07   -4.9491587e-07     -0.027082488       0.14031425
       0.27950081       0.69597363                0    2.1361326e-07    1.1047388e-08    7.3579048e-07   -4.9687895e-07     -0.023807183       0.14183697
        0.2742559       0.69805706                0    2.1475057e-07    1.1213583e-08    7.3780058e-07   -4.9855987e-07     -0.020499179       0.14323442
       0.26899549       0.70010102                0    2.1087432e-07    1.2180088e-08    7.3498188e-07   -4.9816578e-07     -0.017002624        0.1437993
       0.26371983       0.70210528                0    2.0732789e-07    1.2992314e-08    7.3254984e-07   -4.9764179e-07     -0.013504267       0.14437269
        0.2584292       0.70406985                0    2.0410363e-07     1.365629e-08    7.3049756e-07   -4.9698684e-07     -0.010004386       0.14495432
       0.25312397       0.70599449                0    2.0119398e-07    1.4178584e-08    7.2881875e-07   -4.9619888e-07    -0.0065033627       0.14554398
       0.24780442       0.70787919                0    1.9937195e-07     1.519737e-08    7.2925945e-07   -4.9919566e-07      -0.00298783       0.14592665
       0.24247082       0.70972383                0     1.991412e-07    1.7428826e-08     7.324785e-07   -5.0777413e-07    0.00054781232       0.14600916
        0.2371235       0.71152824                0    1.9945003e-07    2.0148363e-08    7.3594089e-07   -5.1640052e-07     0.0040838094       0.14609662
       0.23176275       0.71329236                0     2.002829e-07    2.3344437e-08    7.3964276e-07   -5.2506806e-07     0.0076198699       0.14618884
       0.22638887       0.71501613                0    2.0162408e-07    2.7005312e-08    7.4358024e-07   -5.3376982e-07      0.011155677       0.14628565
       0.22100218       0.71669942                0    2.0073394e-07    3.2879246e-08    7.4311515e-07   -5.3948582e-07       0.01465619       0.14599714
       0.21560298       0.71834207                0    1.9864949e-07    3.9752514e-08    7.4103122e-07   -5.4412783e-07      0.018143725       0.14557528
       0.21019156       0.71994412                0    1.9622013e-07    4.6994593e-08    7.3890959e-07   -5.4873198e-07      0.021630082       0.14515527
       0.20476824       0.72150534                0    1.9345761e-07    5.4595635e-08    7.3675568e-07   -5.5329184e-07      0.025114885       0.14473695
       0.19933334       0.72302574                0    1.9087429e-07    6.1489075e-08    7.3474308e-07   -5.5734569e-07      0.028582446       0.14425699
       0.19388714       0.72450519                0    1.9183624e-07    6.0876701e-08    7.3389617e-07   -5.5804816e-07      0.031937744        0.1433247
       0.18842997       0.72594362                0    1.9297148e-07    6.0103744e-08    7.3299771e-07    -5.586424e-07       0.03529045       0.14239168
       0.18296212       0.72734094                0    1.9427357e-07    5.9179087e-08    7.3205456e-07   -5.5912415e-07      0.038640212        0.1414579
       0.17748392       0.72869712                0    1.9573594e-07    5.8111507e-08    7.3107304e-07   -5.5948976e-07      0.041986715       0.14052327
       0.17199567         0.730012                0    1.9956215e-07     5.543221e-08    7.2919846e-07   -5.6511379e-07      0.045219757       0.13931708
       0.16649768       0.73128551                0    2.0542403e-07    5.1569398e-08    7.2685538e-07   -5.7500409e-07      0.048357815       0.13788451
       0.16099025       0.73251766                0    2.1150046e-07    4.7794845e-08    7.2482891e-07   -5.8469112e-07      0.051491424       0.13644916
       0.15547371       0.73370832                0      2.17478e-07    4.4252999e-08     7.226887e-07   -5.9357751e-07      0.054612592       0.13496242
       0.14994837       0.73485744                0    2.2278695e-07    4.1205329e-08    7.1986358e-07   -6.0092759e-07      0.057709921       0.13336712
       0.14441454       0.73596495                0    2.1836476e-07    4.2196618e-08    7.1568974e-07   -6.0082539e-07      0.060489554        0.1312412
       0.13887255        0.7370308                0     2.140746e-07    4.3143558e-08    7.1172178e-07   -6.0053151e-07      0.063263461       0.12911578
       0.13332267       0.73805493                0    2.0991011e-07    4.4051774e-08    7.0795704e-07   -6.0004857e-07      0.066031344       0.12699099
       0.12776525       0.73903722                0    2.0586496e-07    4.4927003e-08    7.0439307e-07   -5.9937929e-07      0.068792872       0.12486696
       0.12220061       0.73997772                0    2.0193269e-07    4.5774765e-08    7.0102664e-07   -5.9852687e-07      0.071547769        0.1227438
       0.11662903       0.74087626                0    1.9813058e-07    4.6614588e-08    6.9780435e-07   -5.9750766e-07      0.074292518       0.12061807
       0.11105086        0.7417329                0    1.9788276e-07    4.9506863e-08    6.8725581e-07   -5.9841028e-07        0.0765623       0.11796805
        0.1054664       0.74254751                0    1.9764778e-07    5.2511282e-08    6.7693009e-07   -5.9918875e-07      0.078823604       0.11531804
      0.099875964       0.74332011                0    1.9742528e-07    5.5624366e-08    6.6682151e-07   -5.9984251e-07      0.081076182       0.11266822
       0.09427987       0.74405062                0    1.9721489e-07    5.8842723e-08    6.5692439e-07   -6.0037053e-07      0.083319791        0.1100188
      0.088678442         0.744739                0    1.9701622e-07    6.2162933e-08    6.4723338e-07   -6.0077184e-07       0.08555416       0.10736997
      0.083071992       0.74538517                0    1.9675579e-07    6.5549941e-08    6.3793698e-07   -6.0133794e-07      0.087753095       0.10470237
       0.07746084       0.74598914                0    1.9502608e-07     6.840294e-08    6.3279452e-07   -6.0776995e-07      0.089411318       0.10163476
        0.0718453       0.74655092                0    1.9333375e-07    7.1379816e-08     6.278118e-07   -6.1409708e-07      0.091058768       0.09856756
      0.066225693       0.74707037                0    1.9167534e-07    7.4473512e-08     6.229867e-07   -6.2031552e-07      0.092695236      0.095501058
      0.060602341       0.74754757                0    1.9004742e-07    7.7676702e-08    6.1831662e-07   -6.2642232e-07      0.094320551      0.092435509
      0.054975551       0.74798238                0    1.8844651e-07    8.0982275e-08    6.1379927e-07   -6.3241373e-07      0.095934525      0.089371189
       0.04934565       0.74837494                0    1.8714454e-07    8.4265594e-08    6.0950595e-07   -6.3757562e-07      0.097474523      0.086278439
      0.043712955       0.74872506                0    1.8797414e-07    8.6715467e-08    6.0590219e-07   -6.3715981e-07      0.098527238      0.082959637
      0.038077787       0.74903274                0    1.8884631e-07    8.9199489e-08    6.0241052e-07    -6.365471e-07      0.099567592      0.079642579
      0.032440457        0.7492981                0    1.8975226e-07    9.1719826e-08    5.9903505e-07   -6.3574907e-07       0.10059554      0.076327555
      0.026801296       0.74952096                0    1.9068308e-07     9.427896e-08     5.957807e-07   -6.3477654e-07       0.10161091      0.073014915
      0.021160616       0.74970144                0    1.9433455e-07    9.6873585e-08     5.892108e-07   -6.3963256e-07       0.10228777      0.069606572
      0.015518736       0.74983943                0    1.9924634e-07    9.9492091e-08    5.8116342e-07   -6.4714493e-07       0.10279879      0.066155016
     0.0098759793       0.74993497                0    2.0414545e-07    1.0214438e-07    5.7325508e-07   -6.5451525e-07       0.10329682      0.062706754
     0.0042326623       0.74998808                0    2.0903187e-07    1.0484203e-07    5.6548589e-07   -6.6175693e-07       0.10378186      0.059262153
    -0.0014108941       0.74999869                0    2.1435817e-07    1.0710211e-07    5.5642619e-07   -6.6391567e-07       0.10413307      0.055805124
    -0.0070543704        0.7499668                0    2.2102959e-07    1.0793881e-07    5.4321401e-07   -6.5106144e-07       0.10410889      0.052303106
     -0.012697447       0.74989253                0    2.2768856e-07    1.0882293e-07    5.3013804e-07   -6.3808494e-07       0.10407178        0.0488059
     -0.018339805       0.74977571                0    2.3433512e-07    1.0974018e-07    5.1719604e-07   -6.2497196e-07       0.10402174      0.045313925
     -0.023981126        0.7496165                0    2.4096951e-07    1.1067583e-07    5.0438462e-07   -6.1170925e-07       0.10395887      0.041827567
     -0.029621087       0.74941486                0    2.4136091e-07    1.1477904e-07    4.9840992e-07   -6.1770652e-07       0.10349441      0.038357757
      -0.03525937       0.74917072                0    2.4033406e-07    1.1963279e-07    4.9404014e-07   -6.2787296e-07       0.10293187      0.034896798
     -0.040895659        0.7488842                0    2.3925054e-07    1.2454851e-07    4.8979365e-07   -6.3793749e-07       0.10235718      0.031442784
     -0.046529632       0.74855524                0    2.3810102e-07    1.2953002e-07    4.8566818e-07   -6.4790521e-07       0.10177048      0.027996147
     -0.052160971       0.74818397                0    2.3774487e-07    1.3397116e-07    4.7779395e-07   -6.5322484e-07       0.10096905      0.024597291
     -0.057789356       0.74777025                0    2.3880938e-07    1.3755576e-07    4.6379566e-07   -6.5114966e-07      0.099830694      0.021270931
     -0.063414469       0.74731427                0    2.3995938e-07    1.4129697e-07     4.498587e-07   -6.4900615e-07      0.098681785      0.017953319
     -0.069035992       0.74681592                0    2.4120999e-07    1.4520944e-07    4.3597387e-07   -6.4680063e-07      0.097522557      0.014644915
     -0.074653603       0.74627531                0    2.4257633e-07    1.4930751e-07    4.2213114e-07   -6.4453997e-07        0.0963533      0.011346145
      -0.08026699       0.74569243                0    2.4407345e-07    1.5360565e-07    4.0832089e-07   -6.4223076e-07       0.09517429     0.0080574462
     -0.085875824       0.74506736                0    2.4495051e-07    1.5670742e-07    3.9743028e-07   -6.4191642e-07      0.093739972     0.0048904577
     -0.091479808       0.74440008                0    2.4492132e-07    1.5817574e-07    3.9008873e-07    -6.440651e-07      0.092001237       0.00186841
     -0.097078606       0.74369061                0    2.4485493e-07    1.5964785e-07    3.8281553e-07   -6.4624908e-07      0.090255268    -0.0011423193
      -0.10267191       0.74293905                0    2.4474767e-07    1.6111704e-07    3.7560659e-07   -6.4848075e-07      0.088502519    -0.0041413126
      -0.10825939       0.74214548                0    2.4459598e-07    1.6257671e-07     3.684581e-07   -6.5077228e-07      0.086743392     -0.007128146
      -0.11384075       0.74130982                0    2.4439626e-07    1.6402053e-07    3.6136655e-07    -6.531356e-07      0.084978275     -0.010102374
      -0.11941566       0.74043226                0    2.4576093e-07    1.6444329e-07    3.5354876e-07   -6.5544197e-07      0.082982339     -0.012889102
      -0.12498382       0.73951268                0    2.4876081e-07    1.6374649e-07    3.4505706e-07   -6.5764533e-07      0.080751419     -0.015483452
      -0.13054489       0.73855132                0    2.5174475e-07    1.6292236e-07    3.3671944e-07   -6.5988081e-07       0.07851807     -0.018064424
      -0.13609858       0.73754811                0    2.5471206e-07    1.6195885e-07    3.2853913e-07   -6.6215534e-07      0.076282784     -0.020631617
      -0.14164455       0.73650312                0    2.5766192e-07    1.6084387e-07    3.2051929e-07   -6.6447603e-07      0.074046135     -0.023184624
      -0.14718251       0.73541641                0    2.6059368e-07    1.5956536e-07    3.1266276e-07   -6.6684976e-07      0.071808621     -0.025723057
      -0.15271212        0.7342881                0     2.652171e-07     1.592927e-07     3.031976e-07    -6.654185e-07      0.069418855     -0.028058078
      -0.15823311       0.73311818                0    2.7148971e-07    1.6058138e-07    2.9191946e-07   -6.5988303e-07      0.066860825     -0.030201171
      -0.16374512       0.73190677                0    2.7666019e-07    1.6265142e-07    2.8011743e-07   -6.5370193e-07      0.064248092     -0.032411601
      -0.16924787       0.73065394                0     2.816837e-07    1.6478575e-07    2.6849347e-07   -6.4777066e-07      0.061636087     -0.034605455
      -0.17474103       0.72935969                0    2.8655555e-07    1.6698392e-07    2.5705202e-07   -6.4210531e-07      0.059025384     -0.036782142
       -0.1802243       0.72802418                0    2.8482128e-07    1.7829601e-07     2.491594e-07   -6.4059816e-07      0.056225494     -0.038594324
      -0.18569736       0.72664744                0    2.8308691e-07    1.8975933e-07    2.4127422e-07   -6.3931475e-07      0.053421322     -0.040371876
       -0.1911599       0.72522956                0    2.8169924e-07    2.0090137e-07    2.3321095e-07   -6.3806135e-07      0.050623111     -0.042131461
      -0.19661163       0.72377062                0    2.8067416e-07    2.1170648e-07    2.2495904e-07    -6.368424e-07       0.04783155     -0.043872539
      -0.20205222       0.72227067                0    2.8222104e-07    2.1804416e-07    2.1657877e-07   -6.3678078e-07      0.044996556     -0.045448709
      -0.20748137       0.72072983                0    2.8748349e-07    2.1789187e-07    2.0845293e-07   -6.3852212e-07      0.042087771     -0.046765722
      -0.21289878       0.71914816                0    2.9271237e-07     2.183499e-07    2.0062606e-07   -6.4018377e-07      0.039190557     -0.048064139
      -0.21830413       0.71752584                0    2.9790766e-07    2.1943772e-07    1.9310603e-07   -6.4176561e-07      0.036305711     -0.049343497
      -0.22369711       0.71586281                0    3.0306896e-07    2.2117497e-07    1.8590109e-07   -6.4326736e-07       0.03343397     -0.050603312
      -0.22907743       0.71415931                0    3.1004095e-07    2.2260006e-07    1.7886555e-07    -6.381967e-07      0.030525059     -0.051543623
      -0.23444478       0.71241534                0    3.1755044e-07    2.2372491e-07    1.7173687e-07   -6.3155011e-07      0.027616866     -0.052369773
      -0.23979886       0.71063107                0    3.2500586e-07    2.2476621e-07    1.6450772e-07   -6.2549759e-07      0.024726862     -0.053177219
      -0.24513936       0.70880651                0    3.3240633e-07    2.2571906e-07    1.5717283e-07   -6.2005876e-07       0.02185584     -0.053965565
      -0.25046596       0.70694184                0    3.3949951e-07     2.269428e-07    1.4891422e-07   -6.1544563e-07       0.01900428     -0.054700136
       -0.2557784       0.70503718                0     3.439994e-07    2.3163544e-07    1.3224951e-07   -6.1304883e-07      0.016170841      -0.05505915
      -0.26107636       0.70309258                0    3.4860176e-07    2.3579497e-07    1.1579042e-07   -6.1049997e-07      0.013361261     -0.055400796
      -0.26635954        0.7011081                0    3.5331004e-07     2.394053e-07    9.9540415e-08   -6.0779604e-07      0.010576384      -0.05572477
      -0.27162763       0.69908398                0    3.5812778e-07    2.4245034e-07    8.3502563e-08   -6.0493414e-07     0.0078170719     -0.056030802
      -0.27688032       0.69702029                0    3.6235048e-07    2.4397991e-07    7.0435604e-08   -6.0167054e-07     0.0051227473     -0.056057103
      -0.28211737       0.69491714                0     3.653376e-07    2.4387435e-07    6.2411388e-08   -5.9803551e-07     0.0025273152     -0.055601276
      -0.28733841       0.69277459                0    3.6831773e-07    2.4410963e-07    5.4444115e-08   -5.9456914e-07    -3.621541e-05     -0.055133663
       -0.2925432       0.69059283                0    3.7129126e-07    2.4469227e-07    4.6533032e-08   -5.9127643e-07    -0.0025669653     -0.054654136
      -0.29773143       0.68837202                0    3.7425849e-07    2.4562877e-07    3.8677584e-08    -5.881621e-07    -0.0050640479     -0.054162592
      -0.30290279       0.68611217                0    3.7721966e-07    2.4692574e-07    3.0877509e-08   -5.8523062e-07      -0.00752661     -0.053658891
      -0.30805701       0.68381351                0    3.8017512e-07    2.4858926e-07    2.3132074e-08   -5.8248679e-07    -0.0099538025     -0.053142935
      -0.31319377       0.68147612                0    3.8312515e-07    2.5062567e-07    1.5440968e-08   -5.7993492e-07     -0.012344788     -0.052614607
      -0.31831282        0.6791001                0    3.8606998e-07    2.5304098e-07    7.8036777e-09   -5.7757956e-07     -0.014698766     -0.052073792
      -0.32341382       0.67668569                0    3.8900995e-07    2.5584097e-07    2.1969626e-10   -5.7542491e-07     -0.017014893     -0.051520403
      -0.32849652        0.6742329                0    3.9194529e-07    2.5903171e-07   -7.3113036e-09   -5.7347523e-07      -0.01929241     -0.050954312
      -0.33356065       0.67174202                0    3.9487631e-07    2.6261847e-07   -1.4790032e-08   -5.7173486e-07     -0.021530535     -0.050375454
      -0.33860585       0.66921306                0    3.9780318e-07    2.6660706e-07   -2.2216531e-08   -5.7020753e-07     -0.023728486     -0.049783703
      -0.34363189       0.66664618                0     4.007135e-07    2.7099864e-07   -2.9607135e-08   -5.6888894e-07     -0.025886077     -0.049179271
      -0.34863847       0.66404158                0    4.0262645e-07    2.7433282e-07     -3.91626e-08   -5.6560515e-07     -0.027946988     -0.048419185
      -0.35362533       0.66139936                0    4.0626617e-07    2.7536288e-07   -4.9401237e-08   -5.5887199e-07     -0.029550012      -0.04705644
      -0.35859215       0.65871972                0    4.1005978e-07    2.7653147e-07   -5.9555887e-08   -5.5240002e-07     -0.031106396     -0.045687146
      -0.36353865       0.65600276                0    4.1401023e-07    2.7783949e-07   -6.9625798e-08   -5.4619363e-07     -0.032615375     -0.044311315
      -0.36846459       0.65324867                0    4.1812035e-07    2.7928766e-07   -7.9610402e-08   -5.4025708e-07     -0.034076218     -0.042928953
      -0.37336966       0.65045762                0    4.2239299e-07    2.8087675e-07   -8.9509022e-08   -5.3459456e-07     -0.035488196     -0.041540071
      -0.37825358       0.64762968                0    4.2683067e-07    2.8260772e-07    -9.932085e-08   -5.2920996e-07     -0.036850601     -0.040144682
       -0.3831161       0.64476514                0    4.3143615e-07    2.8448096e-07   -1.0904542e-07   -5.2410735e-07      -0.03816276     -0.038742814
      -0.38795692         0.641864                0    4.3621182e-07    2.8649748e-07   -1.1868193e-07    -5.192905e-07     -0.039423995     -0.037334457
      -0.39277577       0.63892657                0    4.4116021e-07    2.8865776e-07   -1.2822981e-07   -5.1476309e-07     -0.040633664     -0.035919663
       -0.3975724       0.63595301                0    4.4628365e-07    2.9096233e-07   -1.3768849e-07   -5.1052876e-07     -0.041791134     -0.034498446
      -0.40234649       0.63294339                0     4.515843e-07    2.9341206e-07   -1.4705716e-07   -5.0659099e-07     -0.042895794     -0.033070825
      -0.40709782       0.62989789                0    4.5706437e-07    2.9600747e-07   -1.5633532e-07   -5.0295313e-07      -0.04394706     -0.031636816
      -0.41182607       0.62681681                0    4.6272601e-07    2.9874886e-07   -1.6552237e-07   -4.9961841e-07     -0.044944353     -0.030196477
      -0.41653103        0.6237002                0    4.6857113e-07    3.0163693e-07   -1.7461767e-07   -4.9658991e-07     -0.045887135     -0.028749814
      -0.42121238       0.62054825                0    4.7448407e-07     3.038578e-07   -1.8275932e-07   -4.9280879e-07     -0.046607047     -0.027224481
      -0.42586991       0.61736119                0    4.8023156e-07    3.0393196e-07   -1.8841715e-07   -4.8619518e-07     -0.046797942     -0.025498603
      -0.43050331       0.61413914                0    4.8614095e-07    3.0420253e-07   -1.9408847e-07   -4.7971474e-07     -0.046941578      -0.02378615
      -0.43511233       0.61088234                0    4.9221364e-07    3.0467024e-07   -1.9977378e-07   -4.7336871e-07     -0.047037564     -0.022087334
      -0.43969673       0.60759097                0    4.9845107e-07    3.0533579e-07   -2.0547343e-07   -4.6715829e-07     -0.047085531     -0.020402351
      -0.44425622       0.60426521                0    5.0485431e-07    3.0620001e-07   -2.1118765e-07   -4.6108454e-07     -0.047085132     -0.018731399
      -0.44879055       0.60090518                0    5.1142467e-07    3.0726369e-07    -2.169167e-07   -4.5514858e-07     -0.047036022     -0.017074652
      -0.45329949       0.59751117                0    5.1586215e-07    3.0861059e-07   -2.2359315e-07   -4.4896811e-07     -0.046929386     -0.015365634
      -0.45778275       0.59408331                0    5.1963787e-07    3.1014039e-07   -2.3058067e-07    -4.428675e-07     -0.046765838     -0.013640756
      -0.46224007       0.59062183                0    5.2359582e-07    3.1181528e-07   -2.3753131e-07   -4.3700078e-07     -0.046547499     -0.011923602
      -0.46667126       0.58712685                0    5.2773726e-07    3.1363561e-07   -2.4444489e-07   -4.3136941e-07     -0.046274073     -0.010214286
      -0.47107598       0.58359867                0    5.3206327e-07    3.1560131e-07   -2.5132101e-07   -4.2597486e-07     -0.045945305    -0.0085129803
      -0.47545406       0.58003747                0     5.365751e-07    3.1771253e-07   -2.5815947e-07    -4.208184e-07     -0.045560949    -0.0068197967
       -0.4798052       0.57644337                0    5.4127349e-07    3.1996962e-07   -2.6495991e-07   -4.1590133e-07     -0.045120772    -0.0051348652
      -0.48412919       0.57281667                0    5.4615953e-07    3.2237239e-07   -2.7172203e-07   -4.1122479e-07     -0.044624571    -0.0034583178
      -0.48842576       0.56915754                0    5.5123382e-07    3.2492093e-07   -2.7844558e-07   -4.0678984e-07     -0.044072174    -0.0017902817
      -0.49269468       0.56546617                0    5.5645029e-07    3.2744936e-07   -2.8503078e-07   -4.0249085e-07     -0.043441527   -0.00013909489
       -0.4969357       0.56174278                0    5.6087924e-07    3.2665716e-07   -2.8944288e-07   -3.9613039e-07     -0.042306583     0.0013219761
      -0.50114858       0.55798757                0     5.655009e-07     3.260061e-07   -2.9370128e-07   -3.8986252e-07     -0.041131526     0.0027554007
      -0.50533307       0.55420077                0    5.7031565e-07     3.254963e-07   -2.9780537e-07   -3.8368771e-07     -0.039916329     0.0041610152
      -0.50948894       0.55038261                0    5.7532384e-07     3.251277e-07    -3.017548e-07    -3.776064e-07     -0.038660962     0.0055386806
      -0.51361597       0.54653329                0    5.8052569e-07    3.2490041e-07   -3.0554907e-07     -3.71619e-07     -0.037365425     0.0068882732
      -0.51771396       0.54265296                0    5.8592138e-07    3.2481449e-07   -3.0918784e-07   -3.6572581e-07     -0.036029704     0.0082096849
      -0.52178258       0.53874201                0     5.915108e-07    3.2486992e-07   -3.1267066e-07   -3.5992741e-07     -0.034653872     0.0095027676
      -0.52582169       0.53480047                0    5.9729399e-07    3.2506676e-07   -3.1599737e-07   -3.5422406e-07     -0.033237923      0.010767466
      -0.52983105       0.53082865                0    6.0320934e-07    3.2409562e-07   -3.2028908e-07   -3.4861111e-07     -0.031743426      0.012117361
      -0.53381038       0.52682686                0    6.0932291e-07    3.2264205e-07   -3.2518062e-07    -3.430585e-07     -0.030183788      0.013507787
      -0.53775948       0.52279514                0     6.156796e-07    3.2150939e-07   -3.3003445e-07   -3.3756197e-07     -0.028581122      0.014872389
      -0.54167813       0.51873386                0      6.22279e-07    3.2069735e-07   -3.3485026e-07   -3.3212189e-07     -0.026935566      0.016211072
      -0.54556608       0.51464319                0    6.2912039e-07    3.2020597e-07   -3.3962777e-07   -3.2673853e-07     -0.025247244      0.017523792
      -0.54942316       0.51052344                0    6.3620308e-07    3.2003484e-07   -3.4436681e-07   -3.2141219e-07     -0.023516305      0.018810496
      -0.55324918       0.50637472                0    6.4352639e-07    3.2018374e-07   -3.4906708e-07   -3.1614306e-07     -0.021742877      0.020071179
      -0.55704379       0.50219738                0     6.510889e-07    3.2065233e-07   -3.5372821e-07   -3.1093171e-07     -0.019927192      0.021305772
      -0.56080693       0.49799156                0    6.5888997e-07     3.214401e-07   -3.5835012e-07   -3.0577814e-07     -0.018069392      0.022514306
       -0.5645383       0.49375755                0    6.6692809e-07    3.2254644e-07   -3.6293247e-07   -3.0068279e-07     -0.016169719      0.023696754
      -0.56823766       0.48949558                0    6.7314414e-07    3.2128759e-07   -3.6639562e-07   -2.9458471e-07     -0.014137439      0.024456007
       -0.5719049       0.48520592                0    6.7932308e-07    3.1985309e-07   -3.6962999e-07   -2.8843129e-07     -0.012068957      0.025122415
      -0.57553977       0.48088875                0    6.8575685e-07     3.186164e-07   -3.7278636e-07   -2.8237588e-07    -0.0099785877      0.025751794
      -0.57914197       0.47654438                0    6.9244362e-07    3.1757753e-07   -3.7586469e-07   -2.7641889e-07    -0.0078665772      0.026344251
      -0.58271146       0.47217301                0     6.993821e-07    3.1673596e-07    -3.788652e-07   -2.7056029e-07    -0.0057331054      0.026899936
      -0.58624792       0.46777493                0    7.0657023e-07    3.1609159e-07    -3.817878e-07   -2.6480041e-07    -0.0035784356      0.027418997
      -0.58975118       0.46335033                0    7.1151493e-07    3.1526039e-07   -3.8466828e-07   -2.6014999e-07    -0.0013633771      0.028062677
      -0.59322107       0.45889953                0    7.1569838e-07    3.1446274e-07   -3.8752145e-07   -2.5602179e-07    0.00088653062      0.028724367
      -0.59665734       0.45442271                0    7.1992974e-07    3.1382243e-07   -3.9034069e-07   -2.5208891e-07     0.0031579537      0.029350331
      -0.60005987       0.44992018                0    7.2420812e-07    3.1333909e-07   -3.9312596e-07   -2.4835083e-07     0.0054506268      0.029940769
      -0.60342836       0.44539216                0    7.2853237e-07    3.1301281e-07   -3.9587709e-07   -2.4480713e-07     0.0077642379      0.030495916
      -0.60676277       0.44083893                0    7.3290153e-07    3.1284307e-07   -3.9859407e-07     -2.41457e-07      0.010098533      0.031016011
      -0.61006278       0.43626076                0    7.3731434e-07    3.1282997e-07   -4.0127674e-07       -2.383e-07       0.01245317      0.031501308
      -0.61332822       0.43165785                0    7.4176944e-07    3.1297333e-07   -4.0392493e-07   -2.3533552e-07      0.014827855      0.031952094
      -0.61655897       0.42703053                0    7.4626587e-07    3.1327264e-07   -4.0653867e-07   -2.3256261e-07      0.017222265      0.032368645
      -0.61975479       0.42237902                0    7.5080214e-07    3.1372787e-07    -4.091178e-07   -2.2998064e-07       0.01963607      0.032751273
      -0.62291551        0.4177036                0    7.5537702e-07    3.1433871e-07   -4.1166228e-07   -2.2758877e-07       0.02206892      0.033100296
      -0.62604094       0.41300452                0    7.5998906e-07    3.1510493e-07   -4.1417198e-07   -2.2538613e-07      0.024520474      0.033416059
      -0.62913096       0.40828204                0    7.6463704e-07    3.1602602e-07   -4.1664691e-07   -2.2337169e-07      0.026990395      0.033698902
      -0.63218534       0.40353647                0    7.6931929e-07    3.1710178e-07   -4.1908692e-07   -2.2154457e-07      0.029478284      0.033949189
      -0.63520396       0.39876804                0    7.7485055e-07    3.1851727e-07   -4.2016558e-07   -2.1877402e-07      0.031980842      0.034205504
      -0.63818657       0.39397702                0    7.8248712e-07    3.1989805e-07   -4.1669179e-07   -2.1262102e-07      0.034427881      0.034441948
      -0.64113307        0.3891637                0    7.8830294e-07    3.1941414e-07   -4.1154127e-07   -2.0603473e-07      0.036671288      0.034321189
      -0.64404327       0.38432837                0    7.9432721e-07    3.1894166e-07   -4.0678131e-07   -1.9959555e-07      0.038917251      0.034169428
      -0.64691699       0.37947124                0    8.0055651e-07    3.1848242e-07   -4.0240721e-07    -1.933029e-07      0.041165575      0.033987209
      -0.64975405       0.37459263                0    8.0698754e-07     3.180383e-07   -3.9841419e-07   -1.8715613e-07      0.043416072      0.033775061
      -0.65255439       0.36969283                0    8.1361679e-07     3.176109e-07    -3.947973e-07   -1.8115443e-07      0.045668565      0.033533521
      -0.65531772       0.36477208                0    8.2100132e-07    3.1458626e-07   -3.9280746e-07   -1.7541521e-07      0.047910839      0.033296764
      -0.65804398       0.35983068                0    8.2949043e-07    3.0752221e-07   -3.9308512e-07   -1.6977427e-07      0.050135471      0.033086009
      -0.66073298       0.35486892                0    8.3818912e-07     3.006632e-07    -3.935676e-07   -1.6394186e-07      0.052361481      0.032848373
      -0.66338456       0.34988704                0    8.4709319e-07    2.9400871e-07   -3.9425166e-07   -1.5792224e-07      0.054588675      0.032584481
      -0.66599858       0.34488538                0    8.5619831e-07    2.8755801e-07    -3.951339e-07   -1.5171959e-07      0.056816842      0.032294944
      -0.66857487       0.33986416                0    8.6550006e-07    2.8131041e-07   -3.9621085e-07   -1.4533828e-07      0.059045792      0.031980418
      -0.67111331       0.33482373                0    8.7499387e-07    2.7526511e-07   -3.9747897e-07    -1.387827e-07      0.061275322       0.03164155
      -0.67361379       0.32976431                0    8.7757763e-07    2.7634522e-07   -3.9998309e-07   -1.3384576e-07      0.063463889      0.031330276
      -0.67607605       0.32468623                0    8.7718951e-07    2.8040472e-07   -4.0258902e-07   -1.2966889e-07      0.065635063      0.031018412
      -0.67850012       0.31958976                0    8.7676574e-07    2.8452746e-07   -4.0477426e-07   -1.2553554e-07      0.067805953      0.030685313
      -0.68088573       0.31447521                0    8.7630508e-07    2.8871551e-07   -4.0654612e-07   -1.2144693e-07      0.069976315       0.03033171
      -0.68323278       0.30934283                0    8.7580656e-07     2.929707e-07   -4.0791201e-07   -1.1740413e-07      0.072145969      0.029958308
      -0.68554115       0.30419296                0      8.75269e-07    2.9729469e-07    -4.088796e-07   -1.1340816e-07      0.074314691      0.029565815
      -0.68781066       0.29902586                0    8.7560136e-07    2.9991526e-07   -4.0849395e-07   -1.0954648e-07      0.076465525      0.029165369
       -0.6900413       0.29384184                0    8.7981306e-07    2.9507649e-07   -4.0370668e-07    -1.063728e-07      0.078542627      0.028792899
      -0.69223285       0.28864115                0    8.8397678e-07    2.9050747e-07   -3.9876275e-07   -1.0369216e-07      0.080617733      0.028405055
      -0.69438517       0.28342414                0    8.8809162e-07    2.8620573e-07   -3.9366549e-07   -1.0149581e-07      0.082690641      0.028002577
      -0.69649822       0.27819106                0    8.9215672e-07    2.8216846e-07   -3.8841827e-07   -9.9774809e-08       0.08476115      0.027586196
       -0.6985718       0.27294225                0      8.96171e-07     2.783932e-07   -3.8302457e-07   -9.8520253e-08      0.086829044      0.027156699
      -0.70060581       0.26767799                0    9.0013356e-07    2.7487735e-07   -3.7748788e-07   -9.7722953e-08      0.088894114      0.026714865
      -0.70260018       0.26239854                0    9.0420264e-07    2.7833246e-07    -3.712978e-07   -9.5838026e-08      0.090858616      0.026291262
      -0.70455474       0.25710428                0    9.0859811e-07     2.835377e-07   -3.6514191e-07   -9.3626944e-08      0.092796214      0.025865629
      -0.70646942       0.25179541                0    9.1330827e-07    2.8888948e-07   -3.5916867e-07   -9.1412872e-08      0.094729841      0.025431823
       -0.7083441       0.24647233                0     9.183218e-07    2.9438783e-07   -3.5337314e-07   -8.9197897e-08      0.096659273      0.024990607
      -0.71017867       0.24113527                0    9.2340485e-07    2.9991421e-07   -3.4763693e-07   -8.6975106e-08      0.098544419      0.024528638
      -0.71197307       0.23578456                0    9.2672389e-07    3.0446651e-07   -3.4088572e-07   -8.4693923e-08       0.10005985      0.023933802
      -0.71372712        0.2304205                0    9.2893777e-07    3.0235418e-07   -3.3733039e-07   -8.2862911e-08       0.10148988      0.023348317
      -0.71544075       0.22504339                0     9.298958e-07    2.9467608e-07    -3.365918e-07    -8.157113e-08       0.10284777      0.022773115
      -0.71711391       0.21965353                0    9.3064625e-07    2.8713592e-07    -3.359371e-07   -8.0516941e-08        0.1042027       0.02220129
      -0.71874642       0.21425125                0    9.3119377e-07    2.7973519e-07   -3.3536449e-07   -7.9695248e-08       0.10555474      0.021633608
      -0.72033823       0.20883684                0    9.3154324e-07    2.7247492e-07   -3.3487183e-07   -7.9100666e-08       0.10690392      0.021070773
      -0.72188926        0.2034106                0     9.316995e-07    2.6535614e-07   -3.3445713e-07   -7.8727759e-08        0.1082503      0.020513495
      -0.72339946       0.19797283                0    9.3283631e-07    2.5768887e-07    -3.333555e-07   -7.8394827e-08       0.10953597      0.019962333
      -0.72486866       0.19252387                0    9.3577773e-07    2.4920553e-07    -3.310501e-07    -7.781707e-08       0.11072153      0.019419359
      -0.72629684       0.18706399                0    9.3856829e-07    2.4115457e-07   -3.2882647e-07   -7.7220022e-08        0.1119047      0.018886112
      -0.72768384       0.18159352                0    9.4121214e-07    2.3352584e-07   -3.2668203e-07   -7.6607272e-08       0.11308553      0.018363327
      -0.72902972       0.17611279                0    9.4371336e-07    2.2630827e-07   -3.2461421e-07   -7.5982086e-08       0.11426405      0.017851593
      -0.73033422       0.17062207                0    9.4714892e-07    2.3058779e-07   -3.1941715e-07   -7.2503703e-08       0.11530358      0.017342787
      -0.73159742       0.16512169                0    9.5090076e-07    2.3764491e-07   -3.1341366e-07   -6.8268584e-08       0.11630631       0.01684593
       -0.7328192       0.15961196                0     9.547116e-07    2.4461818e-07    -3.074118e-07   -6.4002165e-08       0.11730707       0.01636414
      -0.73399949       0.15409319                0    9.5857638e-07    2.5151957e-07   -3.0141206e-07    -5.970935e-08        0.1183059      0.015898006
      -0.73513824       0.14856571                0    9.6249016e-07    2.5836115e-07   -2.9541496e-07   -5.5395098e-08       0.11930281      0.015448123
      -0.73623532       0.14302981                0    9.6644771e-07    2.6515542e-07     -2.89421e-07   -5.1064522e-08       0.12029784      0.015015144
      -0.73729074        0.1374858                0    9.6581391e-07    2.5848948e-07   -2.8508072e-07   -4.7850826e-08       0.12112717      0.014578583
      -0.73830444       0.13193402                0    9.6354984e-07    2.4777881e-07   -2.8143913e-07   -4.5184802e-08       0.12190139      0.014155073
      -0.73927629       0.12637477                0    9.6114911e-07    2.3744388e-07   -2.7797057e-07   -4.2717982e-08         0.122674       0.01375229
       -0.7402063       0.12080835                0    9.5861674e-07    2.2747179e-07   -2.7466479e-07   -4.0442647e-08       0.12344501       0.01337068
      -0.74109435        0.1152351                0    9.5595806e-07    2.1785016e-07   -2.7151154e-07    -3.835126e-08       0.12421443      0.013010782
       -0.7419405       0.10965532                0     9.531783e-07    2.0856575e-07   -2.6850057e-07   -3.6435914e-08        0.1249823      0.012673019
      -0.74274462       0.10406934                0    9.4689148e-07     2.116458e-07    -2.644297e-07   -3.4613382e-08       0.12556975      0.012327011
      -0.74350667       0.09847746                0    9.3963752e-07    2.1862007e-07   -2.6007936e-07   -3.2903081e-08        0.1261003      0.011996137
      -0.74422663      0.092880003                0    9.3248354e-07     2.257336e-07   -2.5580718e-07   -3.1319313e-08       0.12662946      0.011690538
      -0.74490446      0.087277293                0    9.2541649e-07    2.3298797e-07   -2.5160551e-07   -2.9856551e-08        0.1271572      0.011410575
      -0.74554014      0.081669636                0    9.1842338e-07    2.4038454e-07   -2.4746669e-07   -2.8509122e-08       0.12768355      0.011156574
      -0.74613357       0.07605736                0     9.114911e-07    2.4792519e-07   -2.4338291e-07   -2.7271502e-08       0.12820849       0.01092894
      -0.74668473      0.070440769                0    9.0866104e-07     2.462107e-07   -2.3488352e-07     -2.79204e-08       0.12852697      0.010686599
      -0.74719363      0.064820193                0    9.0668988e-07    2.4244318e-07   -2.2523939e-07   -2.9015414e-08       0.12879655      0.010462862
      -0.74766022      0.059195951                0    9.0462652e-07    2.3880523e-07   -2.1548155e-07   -3.0138988e-08       0.12906478      0.010267675
      -0.74808449      0.053568356                0    9.0247397e-07    2.3530056e-07    -2.056224e-07   -3.1294455e-08       0.12933166      0.010101198
      -0.74846643      0.047937725                0    9.0023514e-07     2.319328e-07   -1.9567435e-07    -3.248514e-08       0.12959716     0.0099636093
      -0.74880594      0.042304382                0     8.979128e-07    2.2870606e-07   -1.8564985e-07   -3.3714546e-08       0.12986127     0.0098551512
      -0.74910307      0.036668643                0     8.988128e-07    2.2470954e-07   -1.7747455e-07   -3.3925367e-08       0.12996671     0.0097414227
      -0.74935776      0.031030828                0    9.0193089e-07    2.2025623e-07   -1.7059295e-07   -3.3475253e-08       0.12996194     0.0096338345
      -0.74957007      0.025391255                0    9.0498514e-07    2.1598171e-07   -1.6369373e-07   -3.3100839e-08       0.12995574     0.0095563959
      -0.74973989      0.019750245                0    9.0797528e-07     2.118815e-07   -1.5678278e-07   -3.2796972e-08       0.12994808     0.0095091825
      -0.74986732      0.014108117                0    9.1090124e-07    2.0795021e-07   -1.4986598e-07   -3.2558201e-08       0.12993892     0.0094921002
       -0.7499522     0.0084651895                0    9.1376256e-07    2.0418352e-07    -1.429493e-07   -3.2379418e-08       0.12992822     0.0095052682
       -0.7499947     0.0028217831                0    9.1391615e-07    1.9731381e-07   -1.3847085e-07   -3.1308282e-08       0.12981293     0.0095254164
       -0.7499947    -0.0028217831                0    9.0979955e-07    1.8540902e-07   -1.3787385e-07   -2.8780114e-08       0.12953214     0.0095389355
       -0.7499522    -0.0084651895                0    9.0561787e-07    1.7365272e-07   -1.3727679e-07   -2.6295066e-08       0.12924969     0.0095824944
      -0.74986732     -0.014108117                0    9.0137132e-07    1.6203856e-07   -1.3666295e-07   -2.3846708e-08       0.12896553     0.0096558202
      -0.74973989     -0.019750245                0    8.9705946e-07    1.5056104e-07    -1.360156e-07   -2.1428882e-08       0.12867959     0.0097588487
      -0.74957007     -0.025391255                0    8.9268269e-07     1.392136e-07   -1.3531809e-07   -1.9035102e-08       0.12839183     0.0098912623
      -0.74935776     -0.031030828                0    8.8906779e-07    1.3095594e-07   -1.3380856e-07    -1.678772e-08        0.1280544      0.010042657
      -0.74910307     -0.036668643                0    8.8908752e-07    1.3609737e-07    -1.289236e-07   -1.5150928e-08       0.12750135      0.010176586
      -0.74880594     -0.042304382                0    8.8904676e-07    1.4140161e-07   -1.2401664e-07   -1.3568355e-08       0.12694627      0.010338546
      -0.74846643     -0.047937725                0    8.8894677e-07     1.468735e-07   -1.1908745e-07   -1.2044016e-08       0.12638906      0.010528128
      -0.74808449     -0.053568356                0    8.8878841e-07    1.5251823e-07   -1.1413577e-07   -1.0582012e-08       0.12582964      0.010745012
      -0.74766022     -0.059195951                0    8.8857297e-07    1.5834034e-07   -1.0916143e-07    -9.186282e-09       0.12526795       0.01098875
      -0.74719363     -0.064820193                0    8.8830149e-07    1.6434484e-07    -1.041642e-07   -7.8608533e-09       0.12470393      0.011258979
      -0.74668473     -0.070440769                0    8.7279761e-07    1.6469164e-07   -9.8879937e-08   -9.4460351e-09       0.12389571      0.011508483
      -0.74613357      -0.07605736                0    8.5681347e-07    1.6498765e-07   -9.3604001e-08    -1.113542e-08        0.1230769      0.011780742
      -0.74554014     -0.081669636                0    8.4086105e-07     1.654242e-07   -8.8350177e-08   -1.2830508e-08        0.1222554      0.012076762
      -0.74490446     -0.087277293                0    8.2494961e-07    1.6600033e-07   -8.3122856e-08   -1.4527549e-08       0.12143112      0.012396015
      -0.74422663     -0.092880003                0    8.0908865e-07    1.6671468e-07   -7.7926515e-08   -1.6222678e-08       0.12060396      0.012737902
      -0.74350667      -0.09847746                0    7.9328731e-07    1.6756624e-07   -7.2765538e-08   -1.7912175e-08       0.11977385      0.013101907
      -0.74274462      -0.10406934                0    7.8973216e-07    1.6490579e-07   -6.8736519e-08    -1.956526e-08       0.11877135      0.013461904
       -0.7419405      -0.10965532                0    7.9062619e-07    1.6096504e-07   -6.5061315e-08   -2.1177669e-08       0.11770222      0.013831717
      -0.74109435       -0.1152351                0    7.9138169e-07    1.5709473e-07   -6.1312349e-08   -2.2751621e-08       0.11662964      0.014219972
       -0.7402063      -0.12080835                0    7.9199214e-07    1.5328889e-07   -5.7485295e-08   -2.4281803e-08       0.11555351      0.014625927
      -0.73927629      -0.12637477                0    7.9245092e-07    1.4954213e-07   -5.3575764e-08   -2.5763089e-08       0.11447373       0.01504897
      -0.73830444      -0.13193402                0    7.9275156e-07    1.4584857e-07   -4.9579512e-08   -2.7190232e-08       0.11339018      0.015488371
      -0.73729074       -0.1374858                0    7.9077103e-07    1.4196426e-07   -4.3176144e-08   -2.8939926e-08       0.11220843       0.01593581
      -0.73623532      -0.14302981                0    7.8619837e-07     1.379038e-07   -3.3827551e-08   -3.1137397e-08       0.11090619      0.016387187
      -0.73513824      -0.14856571                0    7.8171911e-07    1.3398935e-07   -2.4386235e-08   -3.3325492e-08       0.10959955      0.016850594
      -0.73399949      -0.15409319                0    7.7734165e-07    1.3022145e-07   -1.4848233e-08    -3.550247e-08       0.10828838      0.017325267
       -0.7328192      -0.15961196                0    7.7307408e-07    1.2660024e-07    -5.209646e-09   -3.7666531e-08       0.10697257      0.017810382
      -0.73159742      -0.16512169                0    7.6892456e-07    1.2312606e-07    4.5333834e-09   -3.9815909e-08       0.10565199      0.018305156
      -0.73033422      -0.17062207                0    7.6566835e-07    1.1945814e-07    1.3853912e-08   -4.1340861e-08       0.10430561      0.018809371
      -0.72902972      -0.17611279                0     7.684784e-07    1.1312375e-07    1.9138373e-08   -3.8052232e-08       0.10279012      0.019324817
      -0.72768384      -0.18159352                0    7.7128357e-07    1.0667673e-07    2.4558268e-08   -3.4685392e-08       0.10126902      0.019845337
      -0.72629684      -0.18706399                0    7.7408583e-07    1.0010557e-07    3.0117931e-08   -3.1235921e-08      0.099742182      0.020369964
      -0.72486866      -0.19252387                0    7.7688662e-07    9.3399855e-08    3.5821884e-08   -2.7699585e-08      0.098209441      0.020897923
      -0.72339946      -0.19797283                0    7.7968781e-07    8.6548418e-08     4.167439e-08   -2.4072101e-08      0.096670695      0.021428291
      -0.72188926       -0.2034106                0    7.8249082e-07    7.9540847e-08    4.7679841e-08   -2.0349272e-08      0.095125802      0.021960283
      -0.72033823      -0.20883684                0    7.7271545e-07    7.5002042e-08    4.6669236e-08   -1.8470317e-08        0.0934643      0.022513544
      -0.71874642      -0.21425125                0    7.5787722e-07    7.1698608e-08    4.2659771e-08   -1.7360323e-08      0.091750175       0.02307342
      -0.71711391      -0.21965353                0    7.4321275e-07    6.8596691e-08    3.8583714e-08   -1.6225346e-08      0.090028815      0.023630228
      -0.71544075      -0.22504339                0    7.2872882e-07    6.5699282e-08    3.4437207e-08   -1.5064188e-08      0.088300064      0.024183098
      -0.71372712       -0.2304205                0    7.1443236e-07    6.3008954e-08    3.0216377e-08    -1.387565e-08      0.086563788      0.024731098
      -0.71197307      -0.23578456                0    7.0032991e-07    6.0528649e-08    2.5917462e-08   -1.2658569e-08      0.084819846      0.025273386
      -0.71017867      -0.24113527                0    6.8789842e-07    5.9155653e-08    2.2239767e-08    -1.248437e-08      0.083041571       0.02582112
       -0.7083441      -0.24647233                0    6.7942455e-07    5.9886446e-08      2.18156e-08   -1.6301986e-08      0.080846898      0.026243489
      -0.70646942      -0.25179541                0    6.7096738e-07    6.0563785e-08    2.1719076e-08   -1.9978973e-08      0.078612223      0.026630832
      -0.70455474      -0.25710428                0     6.627148e-07    6.1334838e-08    2.1892216e-08   -2.3503221e-08       0.07637158      0.026999399
      -0.70260018      -0.26239854                0    6.5467418e-07    6.2199867e-08    2.2340867e-08   -2.6870383e-08      0.074125171      0.027348224
      -0.70060581      -0.26767799                0    6.4685247e-07    6.3159121e-08    2.3070804e-08   -3.0076286e-08      0.071873091      0.027676361
       -0.6985718      -0.27294225                0    6.3925683e-07    6.4212749e-08    2.4087612e-08   -3.3116706e-08      0.069615558      0.027982857
      -0.69649822      -0.27819106                0    6.3066057e-07    6.2088887e-08    3.0156635e-08   -3.5672155e-08      0.067298651      0.028316613
      -0.69438517      -0.28342414                0    6.2147558e-07    5.7858088e-08    3.9254623e-08   -3.8064851e-08      0.064941332      0.028658103
      -0.69223285      -0.28864115                0    6.1249381e-07    5.3601838e-08    4.8232451e-08   -4.0551374e-08       0.06257847      0.028974097
       -0.6900413      -0.29384184                0    6.0372082e-07    4.9317613e-08    5.7086098e-08   -4.3133927e-08      0.060210176      0.029263709
      -0.68781066      -0.29902586                0    5.9516213e-07    4.5002921e-08    6.5811435e-08   -4.5814637e-08      0.057836596      0.029526042
      -0.68554115      -0.30419296                0    5.8682326e-07    4.0655003e-08    7.4404333e-08   -4.8595606e-08      0.055457905      0.029760189
      -0.68323278      -0.30934283                0    5.8020299e-07    3.6668656e-08    8.2448949e-08   -5.1281411e-08      0.053063113      0.029985929
      -0.68088573      -0.31447521                0    5.7956356e-07    3.4325261e-08    8.8656051e-08   -5.3240633e-08      0.050617509       0.03026595
      -0.67850012      -0.31958976                0    5.7854072e-07    3.2035427e-08    9.4701747e-08    -5.526833e-08      0.048166312      0.030514896
      -0.67607605      -0.32468623                0    5.7712793e-07    2.9798629e-08    1.0058195e-07   -5.7365725e-08       0.04570964       0.03073195
      -0.67361379      -0.32976431                0    5.7531889e-07    2.7614167e-08    1.0629252e-07   -5.9533978e-08       0.04324764      0.030916281
      -0.67111331      -0.33482373                0    5.7310717e-07    2.5481746e-08    1.1182966e-07   -6.1774273e-08      0.040780395      0.031067137
      -0.66857487      -0.33986416                0    5.7048692e-07    2.3400737e-08    1.1718939e-07     -6.40877e-08      0.038308084      0.031183718
      -0.66599858      -0.34488538                0    5.6675566e-07    1.5907453e-08    1.1728186e-07   -6.4484603e-08      0.035812795       0.03134755
      -0.66338456      -0.34988704                0    5.6276008e-07    5.1777107e-09    1.1447962e-07   -6.3737403e-08      0.033301603       0.03152189
      -0.66073298      -0.35486892                0    5.5901211e-07   -5.7905751e-09    1.1165292e-07    -6.293471e-08       0.03078446      0.031660095
      -0.65804398      -0.35983068                0    5.5551635e-07   -1.7002058e-08    1.0880073e-07   -6.2075564e-08      0.028261483      0.031761475
      -0.65531772      -0.36477208                0    5.5227719e-07   -2.8461614e-08    1.0592194e-07   -6.1158985e-08      0.025732782      0.031825341
      -0.65255439      -0.36969283                0    5.4929922e-07   -4.0173752e-08    1.0301548e-07    -6.018405e-08      0.023198478      0.031851035
      -0.64975405      -0.37459263                0    5.4658659e-07   -5.2142731e-08    1.0008044e-07   -5.9149865e-08      0.020658666      0.031837922
      -0.64691699      -0.37947124                0    5.3876215e-07   -5.4083529e-08    9.8995272e-08   -6.1064647e-08      0.018111451      0.031995453
      -0.64404327      -0.38432837                0    5.3060847e-07   -5.4945417e-08    9.8027066e-08   -6.3312847e-08      0.015556538      0.032133527
      -0.64113307       -0.3891637                0    5.2261248e-07   -5.5644946e-08     9.700274e-08   -6.5626828e-08      0.012994114      0.032232534
      -0.63818657      -0.39397702                0    5.1477639e-07   -5.6180966e-08    9.5921052e-08   -6.8007289e-08      0.010424266      0.032291923
      -0.63520396      -0.39876804                0    5.0619047e-07   -5.7583879e-08    9.5534901e-08   -7.0160091e-08     0.0077723791      0.031938359
      -0.63218534      -0.40353647                0    4.9757034e-07   -5.9313201e-08    9.5548721e-08   -7.2289758e-08     0.0051049273      0.031428594
      -0.62913096      -0.40828204                0    4.8920379e-07   -6.1083171e-08     9.576739e-08   -7.4485342e-08     0.0024465306      0.030873887
      -0.62604094      -0.41300452                0    4.8109382e-07     -6.28946e-08    9.6192423e-08   -7.6747483e-08   -0.00020255893      0.030273803
      -0.62291551       -0.4177036                0    4.7324377e-07   -6.4748363e-08    9.6825211e-08   -7.9076777e-08    -0.0028420365      0.029627934
      -0.61975479      -0.42237902                0     4.656566e-07   -6.6645157e-08    9.7667204e-08     -8.14738e-08    -0.0054716477      0.028935883
      -0.61655897      -0.42703053                0    4.5833517e-07   -6.8585763e-08    9.8719696e-08   -8.3939099e-08    -0.0080911368       0.02819727
      -0.61332822      -0.43165785                0    4.5128235e-07   -7.0570842e-08    9.9983964e-08   -8.6473172e-08      -0.01070023       0.02741174
      -0.61006278      -0.43626076                0    4.4450084e-07   -7.2601182e-08    1.0146108e-07   -8.9076522e-08     -0.013298672       0.02657895
      -0.60676277      -0.44083893                0    4.3799326e-07   -7.4677288e-08     1.031523e-07   -9.1749584e-08     -0.015886214      0.025698578
      -0.60342836      -0.44539216                0    4.3205165e-07   -7.7247968e-08    1.0465072e-07   -9.4212453e-08     -0.018442445      0.024846908
      -0.60005987      -0.44992018                0     4.273551e-07   -8.1495379e-08    1.0460372e-07     -9.57222e-08      -0.02091361      0.024240442
      -0.59665734      -0.45442271                0     4.227191e-07   -8.5672937e-08    1.0441856e-07   -9.7369451e-08     -0.023377968      0.023590161
      -0.59322107      -0.45889953                0     4.181444e-07   -8.9780457e-08    1.0409377e-07   -9.9154988e-08     -0.025835302      0.022895854
      -0.58975118      -0.46335033                0    4.1363168e-07   -9.3817533e-08    1.0362819e-07   -1.0107953e-07      -0.02828542      0.022157308
      -0.58624792      -0.46777493                0    4.0918164e-07   -9.7784024e-08    1.0302055e-07   -1.0314375e-07     -0.030728145       0.02137433
      -0.58271146      -0.47217301                0    4.0479489e-07   -1.0167955e-07    1.0226984e-07   -1.0534828e-07     -0.033163264      0.020546746
      -0.57914197      -0.47654438                0    4.0047206e-07   -1.0550392e-07    1.0137499e-07   -1.0769369e-07     -0.035590634      0.019674389
      -0.57553977      -0.48088875                0    3.9621378e-07   -1.0925689e-07    1.0033504e-07   -1.1018044e-07     -0.038010024      0.018757135
       -0.5719049      -0.48520592                0     3.920205e-07   -1.1293816e-07    9.9149226e-08   -1.1280905e-07     -0.040421307      0.017794831
      -0.56823766      -0.48949558                0    3.8789284e-07   -1.1654748e-07    9.7816731e-08   -1.1557987e-07     -0.042824276      0.016787387
       -0.5645383      -0.49375755                0    3.8382882e-07   -1.2033097e-07    9.6292283e-08   -1.1823519e-07     -0.045175649       0.01567257
      -0.56080693      -0.49799156                0    3.7984992e-07   -1.2571527e-07    9.4383196e-08    -1.192511e-07     -0.047204286      0.014078489
      -0.55704379      -0.50219738                0     3.760025e-07   -1.3091791e-07    9.2462457e-08   -1.2047289e-07     -0.049205557      0.012445711
      -0.55324918      -0.50637472                0    3.7228725e-07   -1.3593821e-07    9.0529966e-08   -1.2190104e-07     -0.051179249       0.01077428
      -0.54942316      -0.51052344                0    3.6870449e-07    -1.407757e-07    8.8585665e-08   -1.2353598e-07     -0.053125262     0.0090641622
      -0.54556608      -0.51464319                0    3.6486659e-07   -1.4504441e-07     8.661091e-08   -1.2503752e-07     -0.055014294     0.0073817009
      -0.54167813      -0.51873386                0    3.5934872e-07   -1.4750604e-07    8.4509736e-08   -1.2517863e-07     -0.056749675     0.0059573427
      -0.53775948      -0.52279514                0    3.5381726e-07   -1.4993527e-07    8.2343263e-08   -1.2543589e-07      -0.05846313     0.0044980925
      -0.53381038      -0.52682686                0    3.4827238e-07   -1.5233201e-07    8.0111434e-08   -1.2580941e-07     -0.060154546     0.0030040164
      -0.52983105      -0.53082865                0     3.427146e-07   -1.5469604e-07    7.7814477e-08   -1.2629918e-07     -0.061823793     0.0014751954
      -0.52582169      -0.53480047                0    3.3714397e-07   -1.5702733e-07    7.5452299e-08   -1.2690522e-07     -0.063470818   -8.8307075e-05
      -0.52178258      -0.53874201                0    3.3156098e-07   -1.5932574e-07     7.302512e-08   -1.2762749e-07     -0.065095507    -0.0016863728
      -0.51771396      -0.54265296                0    3.2596606e-07   -1.6159103e-07    7.0533247e-08   -1.2846583e-07     -0.066697754    -0.0033188891
      -0.51361597      -0.54653329                0    3.2035925e-07   -1.6382322e-07    6.7976785e-08   -1.2942012e-07     -0.068277545    -0.0049857842
      -0.50948894      -0.55038261                0     3.147411e-07   -1.6602208e-07    6.5356161e-08   -1.3049015e-07     -0.069834761    -0.0066868868
      -0.50533307      -0.55420077                0    3.0911198e-07    -1.681875e-07    6.2671702e-08   -1.3167568e-07     -0.071369365    -0.0084220804
      -0.50114858      -0.55798757                0    3.0347215e-07   -1.7031938e-07     5.992375e-08    -1.329764e-07     -0.072881319     -0.010191217
       -0.4969357      -0.56174278                0      2.97822e-07   -1.7241759e-07    5.7112832e-08   -1.3439201e-07     -0.074370578      -0.01199415
      -0.49269468      -0.56546617                0    2.9216196e-07   -1.7448198e-07    5.4239457e-08   -1.3592208e-07     -0.075837106     -0.013830703
      -0.48842576      -0.56915754                0    2.8718952e-07   -1.7842697e-07    5.1254361e-08   -1.3775063e-07     -0.076588713     -0.015878752
      -0.48412919      -0.57281667                0    2.8237909e-07   -1.8242982e-07     4.812242e-08   -1.3973144e-07     -0.077270627     -0.017953757
       -0.4798052      -0.57644337                0    2.7770037e-07   -1.8639857e-07    4.4844974e-08   -1.4185575e-07     -0.077915788     -0.020046685
      -0.47545406      -0.58003747                0    2.7315315e-07   -1.9033307e-07    4.1423014e-08   -1.4412285e-07     -0.078524269     -0.022157377
      -0.47107598      -0.58359867                0    2.6882662e-07   -1.9413557e-07    3.7884497e-08   -1.4638579e-07     -0.079083122     -0.024265176
      -0.46667126      -0.58712685                0    2.6572917e-07   -1.9664922e-07     3.456557e-08   -1.4692534e-07     -0.079447702     -0.026137412
      -0.46224007      -0.59062183                0    2.6274796e-07   -1.9903771e-07    3.1165214e-08   -1.4749905e-07      -0.07978189     -0.028027948
      -0.45778275      -0.59408331                0    2.5988268e-07   -2.0130146e-07    2.7684568e-08   -1.4810679e-07     -0.080085792     -0.029936614
      -0.45329949      -0.59751117                0     2.571328e-07   -2.0344102e-07    2.4124578e-08   -1.4874837e-07     -0.080359541      -0.03186328
      -0.44879055      -0.60090518                0    2.5449779e-07   -2.0545696e-07    2.0486425e-08   -1.4942368e-07     -0.080603264     -0.033807795
      -0.44425622      -0.60426521                0     2.519771e-07    -2.073499e-07    1.6771143e-08   -1.5013252e-07     -0.080817118     -0.035769999
      -0.43969673      -0.60759097                0    2.4957018e-07   -2.0912046e-07    1.2980136e-08   -1.5087473e-07     -0.081001237      -0.03774973
      -0.43511233      -0.61088234                0    2.4727632e-07   -2.1076941e-07    9.1145775e-09   -1.5165013e-07     -0.081155792     -0.039746843
      -0.43050331      -0.61413914                0    2.4509487e-07   -2.1229746e-07    5.1757532e-09    -1.524585e-07     -0.081280962     -0.041761156
      -0.42586991      -0.61736119                0    2.4302508e-07   -2.1370542e-07    1.1650503e-09   -1.5329967e-07     -0.081376918     -0.043792516
      -0.42121238      -0.62054825                0    2.4106615e-07    -2.149941e-07   -2.9159946e-09   -1.5417343e-07     -0.081443861     -0.045840751
      -0.41653103       -0.6237002                0    2.3930497e-07   -2.1661663e-07   -7.4828819e-09    -1.553296e-07     -0.080852076     -0.047664165
      -0.41182607      -0.62681681                0    2.3760427e-07   -2.1834569e-07   -1.2258681e-08   -1.5672383e-07      -0.08000464     -0.049404807
      -0.40709782      -0.62989789                0    2.3592136e-07   -2.2003293e-07   -1.7095118e-08   -1.5828465e-07     -0.079121642     -0.051145054
      -0.40234649      -0.63294339                0    2.3425621e-07   -2.2167863e-07   -2.1990818e-08   -1.6001047e-07     -0.078203373      -0.05288491
       -0.3975724      -0.63595301                0     2.326088e-07   -2.2328304e-07   -2.6943901e-08   -1.6189964e-07      -0.07725016     -0.054624356
      -0.39277577      -0.63892657                0     2.309791e-07   -2.2484643e-07   -3.1952649e-08   -1.6395042e-07     -0.076262318     -0.056363396
      -0.38795692        -0.641864                0    2.2936706e-07   -2.2636911e-07   -3.7015546e-08   -1.6616103e-07     -0.075240217     -0.058102019
       -0.3831161      -0.64476514                0    2.2777262e-07    -2.278514e-07   -4.2130782e-08   -1.6852961e-07     -0.074184194     -0.059840225
      -0.37825358      -0.64762968                0    2.2619577e-07   -2.2929358e-07   -4.7296254e-08   -1.7105427e-07     -0.073094606      -0.06157802
      -0.37336966      -0.65045762                0    2.2463638e-07   -2.3069602e-07   -5.2510419e-08   -1.7373304e-07     -0.071971834     -0.063315406
      -0.36846459      -0.65324867                0    2.2299199e-07   -2.3206033e-07   -5.7593184e-08   -1.7618146e-07     -0.070791982       -0.0650336
      -0.36353865      -0.65600276                0     2.209179e-07   -2.3337559e-07   -6.1800606e-08   -1.7680335e-07     -0.069463469     -0.066662282
      -0.35859215      -0.65871972                0    2.1895364e-07   -2.3462466e-07   -6.5967306e-08   -1.7739646e-07     -0.068107277     -0.068295561
      -0.35362533      -0.66139936                0    2.1709798e-07   -2.3580833e-07   -7.0092653e-08    -1.779617e-07     -0.066723779     -0.069933429
      -0.34863847      -0.66404158                0    2.1534956e-07   -2.3692738e-07   -7.4176107e-08   -1.7849999e-07     -0.065313391      -0.07157585
      -0.34363189      -0.66664618                0    2.1454895e-07   -2.3699141e-07   -7.8914368e-08   -1.7838882e-07      -0.06335821     -0.072549962
      -0.33860585      -0.66921306                0    2.1402347e-07   -2.3680427e-07   -8.3960003e-08   -1.7813163e-07      -0.06122249     -0.073318899
      -0.33356065      -0.67174202                0    2.1351481e-07    -2.366707e-07   -8.9122807e-08   -1.7792031e-07     -0.059059303     -0.074079812
      -0.32849652       -0.6742329                0    2.1302301e-07   -2.3658961e-07   -9.4399347e-08   -1.7775474e-07     -0.056869086     -0.074832879
      -0.32341382      -0.67668569                0    2.1254804e-07   -2.3655994e-07   -9.9786448e-08   -1.7763463e-07     -0.054652326      -0.07557828
      -0.31831282       -0.6791001                0       2.1209e-07   -2.3658052e-07   -1.0528033e-07   -1.7755993e-07     -0.052409489     -0.076316223
      -0.31319377      -0.68147612                0    2.1164887e-07   -2.3665022e-07    -1.108777e-07   -1.7753034e-07     -0.050141033     -0.077046901
      -0.30805701      -0.68381351                0    2.1122472e-07   -2.3676783e-07    -1.165747e-07   -1.7754576e-07     -0.047847472     -0.077770524
      -0.30290279      -0.68611217                0    2.1081755e-07   -2.3693215e-07   -1.2236769e-07   -1.7760601e-07      -0.04552928     -0.078487307
      -0.29773143      -0.68837202                0    2.1042737e-07     -2.37142e-07   -1.2825303e-07   -1.7771082e-07      -0.04318697     -0.079197451
       -0.2925432      -0.69059283                0    2.1005427e-07   -2.3739607e-07    -1.342267e-07   -1.7786006e-07     -0.040821046     -0.079901189
      -0.28733841      -0.69277459                0    2.0969821e-07   -2.3769311e-07   -1.4028507e-07   -1.7805344e-07     -0.038432024     -0.080598727
      -0.28211737      -0.69491714                0    2.0935923e-07   -2.3803186e-07    -1.464241e-07   -1.7829078e-07     -0.036020443     -0.081290312
      -0.27688032      -0.69702029                0    2.0903738e-07   -2.3841095e-07   -1.5263964e-07    -1.785719e-07     -0.033586811      -0.08197616
      -0.27162763      -0.69908398                0    2.0835297e-07   -2.4065298e-07    -1.580794e-07   -1.7740267e-07     -0.031032315     -0.082114168
      -0.26635954       -0.7011081                0    2.0741531e-07   -2.4383428e-07    -1.630502e-07   -1.7544332e-07     -0.028402817     -0.081939377
      -0.26107636      -0.70309258                0    2.0642523e-07   -2.4691275e-07   -1.6800956e-07   -1.7352781e-07     -0.025754647     -0.081753954
       -0.2557784      -0.70503718                0    2.0538459e-07   -2.4989063e-07   -1.7295491e-07   -1.7165594e-07     -0.023088321     -0.081558287
      -0.25046596      -0.70694184                0    2.0429522e-07   -2.5277023e-07   -1.7788406e-07   -1.6982736e-07     -0.020404354     -0.081352778
      -0.24513936      -0.70880651                0    2.0228127e-07   -2.5013574e-07   -1.8345567e-07   -1.6866733e-07     -0.017690124     -0.080720209
      -0.23979886      -0.71063107                0    2.0006709e-07   -2.4677243e-07   -1.8901052e-07   -1.6771187e-07     -0.014959156     -0.080036305
      -0.23444478      -0.71241534                0    1.9773778e-07   -2.4320082e-07   -1.9448171e-07    -1.669023e-07     -0.012213279     -0.079341531
      -0.22907743      -0.71415931                0     1.952974e-07   -2.3942684e-07   -1.9986895e-07   -1.6623503e-07    -0.0094529903     -0.078636333
      -0.22369711      -0.71586281                0    1.9415972e-07   -2.3523758e-07   -2.0568423e-07    -1.662284e-07    -0.0066917692     -0.077807978
      -0.21830413      -0.71752584                0    1.9765922e-07   -2.3030204e-07   -2.1295244e-07   -1.6779541e-07    -0.0039586136     -0.076614395
      -0.21289878      -0.71914816                0    2.0156841e-07   -2.2538644e-07    -2.200272e-07   -1.6918543e-07    -0.0012139087     -0.075410232
      -0.20748137      -0.72072983                0    2.0587414e-07   -2.2049002e-07   -2.2691208e-07   -1.7040534e-07     0.0015418809     -0.074195996
      -0.20205222      -0.72227067                0    2.1051989e-07   -2.1560575e-07   -2.3356986e-07   -1.7142909e-07     0.0043105939     -0.072974071
      -0.19661163      -0.72377062                0    2.1467046e-07    -2.123721e-07   -2.3979953e-07   -1.6948232e-07     0.0070828162     -0.071510941
       -0.1911599      -0.72522956                0     2.191737e-07    -2.103603e-07   -2.4654577e-07   -1.6638097e-07      0.009815814     -0.069866776
      -0.18569736      -0.72664744                0    2.2361097e-07   -2.0849404e-07   -2.5323885e-07   -1.6326736e-07      0.012555428      -0.06821727
       -0.1802243      -0.72802418                0    2.2798704e-07   -2.0676738e-07   -2.5987873e-07   -1.6014462e-07      0.015301188     -0.066562779
      -0.17474103      -0.72935969                0    2.3198857e-07   -2.0513605e-07   -2.6665759e-07   -1.5693405e-07      0.018043606     -0.064882554
      -0.16924787      -0.73065394                0    2.2957724e-07   -2.0282013e-07   -2.7733847e-07   -1.5206929e-07      0.020608973     -0.062771305
      -0.16374512      -0.73190677                0    2.2723945e-07   -2.0055299e-07   -2.8809703e-07   -1.4721228e-07      0.023177903     -0.060655706
      -0.15823311      -0.73311818                0    2.2497422e-07   -1.9833186e-07   -2.9892723e-07   -1.4236581e-07       0.02574997     -0.058536142
      -0.15271212       -0.7342881                0    2.2278063e-07   -1.9615399e-07   -3.0982289e-07   -1.3753275e-07      0.028324731     -0.056412995
      -0.14718251      -0.73541641                0    2.2014395e-07   -1.9568576e-07   -3.1770045e-07   -1.3331396e-07      0.030750029     -0.054038927
      -0.14164455      -0.73650312                0    2.1716882e-07   -1.9677066e-07   -3.2254101e-07   -1.2974849e-07      0.033030059     -0.051423263
      -0.13609858      -0.73754811                0    2.1437231e-07    -1.977735e-07   -3.2726925e-07   -1.2627888e-07      0.035310227     -0.048805043
      -0.13054489      -0.73855132                0    2.1174701e-07   -1.9869839e-07   -3.3188792e-07   -1.2290386e-07      0.037590146     -0.046184663
      -0.12498382      -0.73951268                0    2.0928557e-07   -1.9954936e-07   -3.3639978e-07   -1.1962213e-07      0.039869409     -0.043562543
      -0.11941566      -0.74043226                0    2.0698036e-07   -2.0033056e-07   -3.4080779e-07   -1.1643219e-07      0.042147655     -0.040939055
      -0.11384075      -0.74130982                0    2.0581234e-07   -1.9923189e-07   -3.4629556e-07   -1.1450201e-07      0.044200093     -0.038074221
      -0.10825939      -0.74214548                0    2.0579469e-07   -1.9631132e-07   -3.5277694e-07   -1.1374544e-07      0.046031453     -0.034974996
      -0.10267191      -0.74293905                0    2.0596957e-07   -1.9334017e-07   -3.5909093e-07   -1.1301042e-07      0.047859438     -0.031875852
     -0.097078606      -0.74369061                0    2.0632463e-07   -1.9032203e-07   -3.6524631e-07   -1.1230075e-07      0.049683742     -0.028777156
     -0.091479808      -0.74440008                0    2.0684759e-07   -1.8726045e-07   -3.7125167e-07   -1.1162045e-07      0.051504035     -0.025679288
     -0.085875824      -0.74506736                0     2.075261e-07   -1.8415908e-07    -3.771157e-07   -1.1097364e-07      0.053319983     -0.022582637
      -0.08026699      -0.74569243                0    2.0973893e-07   -1.8022625e-07   -3.8846545e-07   -1.0807503e-07      0.054844242     -0.019287614
     -0.074653603      -0.74627531                0    2.1309599e-07   -1.7564773e-07   -4.0440409e-07   -1.0335371e-07      0.056124777     -0.015829004
     -0.069035992      -0.74681592                0    2.1640624e-07   -1.7109494e-07    -4.202893e-07   -9.8718758e-08      0.057399184     -0.012373124
     -0.063414469      -0.74731427                0    2.1967679e-07   -1.6656502e-07   -4.3612306e-07   -9.4169145e-08      0.058667224    -0.0089202989
     -0.057789356      -0.74777025                0    2.2291481e-07   -1.6205504e-07    -4.519072e-07   -8.9704074e-08      0.059928626    -0.0054708645
     -0.052160971      -0.74818397                0    2.2612736e-07   -1.5756214e-07   -4.6764373e-07   -8.5322313e-08      0.061183158    -0.0020251293
     -0.046529632      -0.74855524                0    2.2727288e-07   -1.5577736e-07    -4.693309e-07   -7.6871288e-08       0.06211666     0.0015433847
     -0.040895659       -0.7488842                0    2.2711129e-07   -1.5573906e-07   -4.6224841e-07    -6.588386e-08      0.062846944     0.0051862807
      -0.03525937      -0.74917072                0    2.2692528e-07   -1.5576818e-07   -4.5511948e-07   -5.4944095e-08       0.06356921     0.0088242199
     -0.029621087      -0.74941486                0    2.2672667e-07   -1.5584824e-07   -4.4794626e-07   -4.4058215e-08      0.064283289      0.012456954
     -0.023981126       -0.7496165                0    2.2750636e-07   -1.5518738e-07   -4.4488792e-07   -3.5343948e-08      0.064906895      0.016101446
     -0.018339805      -0.74977571                0    2.3274735e-07   -1.5102732e-07   -4.6064707e-07   -3.6283154e-08      0.065149531      0.019818293
     -0.012697447      -0.74989253                0    2.3802308e-07   -1.4686832e-07   -4.7636979e-07   -3.7308205e-08      0.065383293      0.023529053
    -0.0070543704       -0.7499668                0    2.4333926e-07   -1.4269364e-07   -4.9205835e-07    -3.841912e-08      0.065608017      0.027233515
    -0.0014108941      -0.74999869                0     2.487013e-07   -1.3848687e-07   -5.0771536e-07   -3.9615223e-08      0.065823622      0.030931516
     0.0042326623      -0.74998808                0    2.5350548e-07   -1.3480758e-07   -5.0735446e-07   -3.5832876e-08      0.065685481      0.034630436
     0.0098759793      -0.74993497                0    2.5815976e-07   -1.3126882e-07   -5.0164158e-07   -3.0453236e-08      0.065423161      0.038325086
      0.015518736      -0.74983943                0    2.6286739e-07   -1.2768126e-07   -4.9591478e-07    -2.517184e-08      0.065151408      0.042012837
      0.021160616      -0.74970144                0    2.6762856e-07   -1.2404726e-07   -4.9018252e-07    -1.999631e-08      0.064870149      0.045693576
      0.026801296      -0.74952096                0    2.6990685e-07   -1.2115675e-07   -4.9406424e-07   -1.4536852e-08      0.064435259      0.049342606
      0.032440457       -0.7492981                0    2.6682463e-07   -1.1993761e-07   -5.1843227e-07   -8.3223011e-09      0.063683905       0.05293224
      0.038077787      -0.74903274                0     2.637816e-07    -1.187427e-07    -5.428052e-07   -2.1832616e-09      0.062923051      0.056514863
      0.043712955      -0.74872506                0     2.607741e-07   -1.1758944e-07   -5.6718847e-07    3.8855159e-09      0.062152714      0.060090464
       0.04934565      -0.74837494                0     2.577988e-07   -1.1649493e-07   -5.9158754e-07     9.888625e-09      0.061372839      0.063659005
      0.054975551      -0.74798238                0    2.5935762e-07   -1.1640804e-07   -5.9210669e-07    1.8190052e-08      0.060140654      0.067052417
      0.060602341      -0.74754757                0    2.6152523e-07   -1.1642122e-07   -5.8952264e-07    2.6684349e-08      0.058841139      0.070417285
      0.066225693      -0.74707037                0    2.6370424e-07   -1.1640478e-07   -5.8698527e-07     3.505302e-08      0.057532534      0.073775761
        0.0718453      -0.74655092                0    2.6588987e-07   -1.1635813e-07   -5.8450121e-07    4.3291742e-08      0.056214884      0.077127941
       0.07746084      -0.74598914                0    2.6807763e-07   -1.1628054e-07   -5.8207723e-07    5.1395777e-08      0.054888215       0.08047387
      0.083071992      -0.74538517                0    2.7026272e-07    -1.161714e-07   -5.7971994e-07    5.9360808e-08      0.053552579      0.083813623
      0.088678442        -0.744739                0    2.7598148e-07   -1.1618236e-07   -5.8802931e-07     6.308413e-08      0.051723264      0.086800538
       0.09427987      -0.74405062                0    2.8194253e-07   -1.1608435e-07   -5.9691894e-07    6.6506225e-08      0.049862098      0.089765698
      0.099875964      -0.74332011                0    2.8797757e-07   -1.1585971e-07   -6.0587604e-07     6.982831e-08      0.047992893      0.092726246
        0.1054664      -0.74254751                0    2.9408957e-07   -1.1550013e-07   -6.1490562e-07    7.3050217e-08      0.046115749      0.095682353
       0.11105086       -0.7417329                0     3.002815e-07   -1.1499732e-07   -6.2401307e-07    7.6171844e-08      0.044230759      0.098634183
       0.11662903      -0.74087626                0     3.065563e-07   -1.1434302e-07    -6.332034e-07    7.9192894e-08      0.042338017       0.10158189
       0.12220061      -0.73997772                0    3.1050899e-07   -1.1517837e-07   -6.3963199e-07    8.9387392e-08      0.040022403       0.10403411
       0.12776525      -0.73903722                0    3.1461539e-07   -1.1596779e-07   -6.4612198e-07    9.9548373e-08      0.037697356        0.1064809
       0.13332267      -0.73805493                0    3.1890011e-07   -1.1669967e-07   -6.5269683e-07    1.0962795e-07      0.035365872        0.1089259
       0.13887255       -0.7370308                0    3.2337132e-07   -1.1737306e-07   -6.5936081e-07    1.1962707e-07      0.033028081       0.11136936
       0.14441454      -0.73596495                0    3.2803692e-07   -1.1798716e-07    -6.661179e-07      1.29547e-07      0.030684151       0.11381152
       0.14994837      -0.73485744                0    3.3290488e-07   -1.1854115e-07   -6.7297225e-07    1.3938902e-07      0.028334223       0.11625266
       0.15547371      -0.73370832                0      3.33434e-07   -1.1736095e-07   -6.7067424e-07    1.4872401e-07      0.025712889       0.11816887
       0.16099025      -0.73251766                0    3.3397271e-07   -1.1579915e-07   -6.6843273e-07    1.5805487e-07      0.023084296       0.12008144
       0.16649768      -0.73128551                0    3.3456251e-07   -1.1385409e-07   -6.6634084e-07    1.6739095e-07      0.020451151       0.12199561
       0.17199567        -0.730012                0    3.3520266e-07    -1.115099e-07   -6.6440413e-07    1.7673716e-07      0.017813653       0.12391173
       0.17748392      -0.72869712                0    3.3272255e-07   -1.1206946e-07    -6.658891e-07    1.8621817e-07      0.015099754        0.1256026
       0.18296212      -0.72734094                0     3.262837e-07   -1.1670134e-07   -6.7152422e-07    1.9582899e-07      0.012295189       0.12702233
       0.18842997      -0.72594362                0    3.1964063e-07   -1.2158908e-07   -6.7739307e-07    2.0541482e-07     0.0094877128        0.1284467
       0.19388714      -0.72450519                0    3.1278242e-07   -1.2674604e-07   -6.8350386e-07    2.1497821e-07     0.0066775298       0.12987606
       0.19933334      -0.72302574                0    3.0569802e-07   -1.3218572e-07   -6.8986452e-07     2.245219e-07     0.0038648751       0.13131079
       0.20476824      -0.72150534                0    3.0734611e-07   -1.3706727e-07   -6.9921515e-07    2.3056654e-07    0.00099923974       0.13221814
       0.21019156      -0.71994412                0    3.1091099e-07   -1.4106183e-07   -7.0872477e-07    2.3583763e-07    -0.0018530693       0.13299686
       0.21560298      -0.71834207                0    3.1466183e-07   -1.4457737e-07   -7.1834722e-07    2.4103218e-07    -0.0047090491       0.13378213
       0.22100218      -0.71669942                0    3.1860219e-07   -1.4760026e-07    -7.280853e-07    2.4615125e-07    -0.0075685619       0.13457447
       0.22638887      -0.71501613                0    3.2399657e-07   -1.4883396e-07    -7.360041e-07    2.5171056e-07     -0.010433814       0.13522951
       0.23176275      -0.71329236                0    3.3307904e-07   -1.4601801e-07   -7.3845229e-07     2.586203e-07     -0.013308542        0.1354775
        0.2371235      -0.71152824                0    3.4214571e-07   -1.4292529e-07   -7.4099177e-07    2.6536381e-07     -0.016185872       0.13573594
       0.24247082      -0.70972383                0    3.5119371e-07   -1.3955017e-07   -7.4362418e-07    2.7193897e-07     -0.019065676       0.13600533
       0.24780442      -0.70787919                0    3.6022033e-07   -1.3588712e-07   -7.4635136e-07    2.7834363e-07     -0.021947855       0.13628612
       0.25312397      -0.70599449                0    3.6385453e-07   -1.3545593e-07   -7.4368268e-07    2.8426993e-07     -0.024792723       0.13624425
        0.2584292      -0.70406985                0    3.6373984e-07   -1.3755279e-07   -7.3736129e-07    2.8998375e-07     -0.027611457       0.13598147
       0.26371983      -0.70210528                0    3.6365464e-07   -1.3980008e-07   -7.3127336e-07    2.9574875e-07      -0.03043155       0.13573359
       0.26899549      -0.70010102                0    3.6359737e-07   -1.4220478e-07   -7.2542383e-07    3.0156912e-07     -0.033252805       0.13550112
        0.2742559      -0.69805706                0    3.6356687e-07   -1.4477334e-07   -7.1981754e-07    3.0744846e-07     -0.036075089       0.13528456
       0.27950081      -0.69597363                0    3.6446926e-07   -1.4541469e-07   -7.1922631e-07     3.142211e-07     -0.038662478       0.13414001
        0.2847299      -0.69385076                0    3.6555184e-07   -1.4607868e-07   -7.1960636e-07    3.2115642e-07     -0.041210618       0.13285993
       0.28994286       -0.6916886                0    3.6666401e-07   -1.4713724e-07   -7.2016854e-07    3.2811704e-07     -0.043758158       0.13160101
        0.2951394      -0.68948728                0    3.6780474e-07   -1.4860137e-07   -7.2091581e-07    3.3510571e-07     -0.046304923       0.13036381
       0.30031922      -0.68724692                0    3.6897291e-07   -1.5048177e-07   -7.2185088e-07    3.4212496e-07     -0.048850726       0.12914884
       0.30548206       -0.6849677                0    3.7016736e-07   -1.5278908e-07   -7.2297649e-07     3.491775e-07     -0.051395401       0.12795666
       0.31062758      -0.68264961                0    3.7138727e-07   -1.5553343e-07   -7.2429555e-07    3.5626559e-07     -0.053938769       0.12678778
       0.31575552       -0.6802929                0     3.726314e-07   -1.5872513e-07   -7.2581054e-07    3.6339191e-07     -0.056480657       0.12564269
        0.3208656      -0.67789769                0    3.7389876e-07   -1.6237418e-07   -7.2752408e-07    3.7055889e-07     -0.059020892       0.12452188
       0.32595748      -0.67546409                0    3.7518834e-07    -1.664902e-07    -7.294388e-07    3.7776877e-07     -0.061559267       0.12342588
       0.33103094      -0.67299223                0     3.764992e-07    -1.710828e-07   -7.3155712e-07    3.8502395e-07     -0.064095661       0.12235513
       0.33608562      -0.67048228                0    3.7783033e-07   -1.7616128e-07   -7.3388151e-07     3.923266e-07     -0.066629857       0.12131013
       0.34112129      -0.66793436                0    3.7918076e-07   -1.8173478e-07   -7.3641428e-07    3.9967901e-07     -0.069161706       0.12029133
       0.34613764      -0.66534859                0    3.8054958e-07   -1.8781219e-07   -7.3915777e-07    4.0708329e-07     -0.071691021       0.11929919
       0.35113439      -0.66272515                0    3.8042253e-07   -1.9221244e-07   -7.3902527e-07    4.1319402e-07      -0.07352934       0.11732589
       0.35611126      -0.66006422                0    3.7980899e-07   -1.9586767e-07   -7.3791909e-07    4.1884093e-07     -0.075106487       0.11500625
       0.36106795      -0.65736592                0    3.7928518e-07   -1.9952779e-07   -7.3699135e-07    4.2452731e-07     -0.076679654       0.11271847
       0.36600423      -0.65463036                0     3.788513e-07   -2.0319328e-07   -7.3624346e-07    4.3025483e-07     -0.078248672       0.11046299
       0.37091976      -0.65185773                0    3.7895575e-07   -2.0613469e-07   -7.3536245e-07    4.3582702e-07      -0.07979966       0.10818708
       0.37581429      -0.64904827                0    3.8002014e-07   -2.0775464e-07   -7.3400344e-07    4.4102711e-07     -0.081323147       0.10583641
       0.38068753      -0.64620197                0    3.8111591e-07   -2.0961184e-07   -7.3279386e-07    4.4625008e-07     -0.082849234       0.10351928
       0.38553923      -0.64331913                0    3.8224186e-07   -2.1171026e-07   -7.3173459e-07     4.514975e-07      -0.08437784       0.10123615
       0.39036912      -0.64039981                0    3.8339735e-07    -2.140535e-07   -7.3082668e-07    4.5677049e-07     -0.085908905      0.098987468
       0.39517689      -0.63744432                0    3.8458126e-07   -2.1664522e-07   -7.3007112e-07    4.6207035e-07     -0.087442316      0.096773699
       0.39996228      -0.63445264                0     3.857931e-07   -2.1948871e-07   -7.2946898e-07    4.6739802e-07     -0.088978045      0.094595253
       0.40472502      -0.63142508                0    3.8703178e-07    -2.225874e-07   -7.2902111e-07    4.7275486e-07     -0.090515979      0.092452563
       0.40946484      -0.62836182                0    3.8829646e-07   -2.2594452e-07   -7.2872831e-07    4.7814194e-07     -0.092056051      0.090346031
       0.41418147      -0.62526292                0    3.8958666e-07   -2.2956303e-07   -7.2859166e-07    4.8356014e-07     -0.093598209      0.088276044
       0.41887468      -0.62212861                0    3.9090139e-07   -2.3344597e-07   -7.2861184e-07    4.8901063e-07     -0.095142365      0.086242974
       0.42354414      -0.61895907                0    3.8929775e-07   -2.3638196e-07   -7.2561767e-07    4.9260188e-07     -0.095748805      0.083563402
       0.42818964      -0.61575454                0    3.8666332e-07   -2.3918341e-07   -7.2182104e-07    4.9562624e-07     -0.096059017      0.080706514
       0.43281087      -0.61251509                0     3.839119e-07   -2.4223436e-07   -7.1823382e-07    4.9868328e-07     -0.096370459      0.077889487
       0.43740761      -0.60924101                0    3.8104145e-07   -2.4553725e-07   -7.1485692e-07    5.0177402e-07     -0.096683033      0.075112671
       0.44197959      -0.60593235                0     3.780506e-07   -2.4909411e-07   -7.1169165e-07    5.0489894e-07     -0.096996717      0.072376437
       0.44652656      -0.60258943                0    3.7493754e-07   -2.5290709e-07   -7.0873887e-07    5.0805909e-07      -0.09731143      0.069681108
        0.4510482      -0.59921241                0    3.7170093e-07   -2.5697807e-07   -7.0599958e-07      5.11255e-07     -0.097627103       0.06702707
       0.45554432      -0.59580147                0    3.6833927e-07   -2.6130891e-07   -7.0347477e-07    5.1448728e-07     -0.097943693      0.064414583
       0.46001467      -0.59235674                0    3.6485145e-07   -2.6590126e-07   -7.0116533e-07    5.1775663e-07     -0.098261148      0.061843976
       0.46445894      -0.58887851                0    3.6123609e-07   -2.7075671e-07   -6.9907207e-07     5.210635e-07     -0.098579399      0.059315577
       0.46887693       -0.5853669                0    3.5749221e-07   -2.7587672e-07   -6.9719579e-07    5.2440839e-07     -0.098898411      0.056829654
       0.47326836      -0.58182216                0    3.5368819e-07   -2.8058798e-07   -6.9469962e-07    5.2742388e-07     -0.099213108      0.054318059
         0.477633      -0.57824451                0    3.5002176e-07   -2.8455537e-07   -6.9125645e-07    5.2996313e-07     -0.099527597       0.05175627
       0.48197061      -0.57463408                0    3.4646942e-07   -2.8865168e-07   -6.8798602e-07    5.3251676e-07     -0.099851005      0.049236774
       0.48628092      -0.57099116                0    3.4303119e-07   -2.9287756e-07    -6.848889e-07    5.3508529e-07      -0.10018333      0.046759836
       0.49056369      -0.56731588                0    3.3970747e-07   -2.9723338e-07   -6.8196556e-07    5.3766871e-07      -0.10052457      0.044325694
       0.49481869      -0.56360847                0    3.3537319e-07   -2.9999455e-07   -6.7806451e-07    5.3946047e-07      -0.10020757      0.041753031
       0.49904564      -0.55986911                0    3.3015098e-07   -3.0151327e-07   -6.7338448e-07    5.4061098e-07     -0.099343695      0.039072018
        0.5032444       -0.5560981                0    3.2495757e-07   -3.0324455e-07   -6.6888606e-07    5.4179708e-07      -0.09848807      0.036433768
       0.50741458      -0.55229563                0    3.1979346e-07   -3.0518873e-07   -6.6457022e-07    5.4301859e-07      -0.09764079      0.033838592
       0.51155609      -0.54846179                0    3.1465851e-07   -3.0734637e-07   -6.6043702e-07    5.4427585e-07     -0.096801847      0.031286597
       0.51566863      -0.54459697                0     3.095528e-07   -3.0971773e-07   -6.5648698e-07    5.4556904e-07     -0.095971279      0.028777998
       0.51975197      -0.54070133                0    3.0447654e-07   -3.1230306e-07   -6.5272025e-07    5.4689826e-07     -0.095149145      0.026312988
       0.52380586      -0.53677505                0    2.9943004e-07   -3.1510243e-07   -6.4913741e-07    5.4826347e-07     -0.094335474      0.023891728
       0.52783012      -0.53281832                0    2.9441341e-07   -3.1811589e-07   -6.4573862e-07    5.4966472e-07     -0.093530305      0.021514351
       0.53182447      -0.52883148                0    2.8942691e-07   -3.2134338e-07   -6.4252413e-07      5.51102e-07     -0.092733696      0.019181037
       0.53578871      -0.52481472                0    2.8447073e-07   -3.2478474e-07   -6.3949392e-07    5.5257527e-07     -0.091945663      0.016891887
       0.53972262      -0.52076823                0     2.795453e-07   -3.2843965e-07   -6.3664839e-07    5.5408429e-07     -0.091166288      0.014647041
       0.54362595      -0.51669222                0      2.74651e-07   -3.3230776e-07   -6.3398767e-07    5.5562896e-07     -0.090395592      0.012446616
       0.54749852      -0.51258695                0    2.6943752e-07   -3.3653973e-07   -6.3068336e-07    5.5706454e-07     -0.089637332      0.010238796
        0.5513401      -0.50845265                0    2.6350665e-07   -3.4123289e-07   -6.2574634e-07    5.5819157e-07     -0.088900633     0.0079628155
       0.55515045      -0.50428963                0    2.5762031e-07   -3.4602002e-07   -6.2095188e-07    5.5930622e-07     -0.088180028     0.0057305656
       0.55892932      -0.50009799                0    2.5177928e-07   -3.5090051e-07   -6.1630027e-07    5.6040807e-07     -0.087475598     0.0035421364
       0.56267661      -0.49587807                0    2.4598364e-07   -3.5587396e-07   -6.1179139e-07    5.6149713e-07     -0.086787313     0.0013975389
         0.566392      -0.49163005                0    2.3977151e-07    -3.595031e-07   -6.0680577e-07    5.6147979e-07     -0.085764453   -0.00064647768
       0.57007533      -0.48735419                0    2.3280778e-07   -3.6088133e-07   -6.0102008e-07    5.5969343e-07     -0.084174111    -0.0025551566
       0.57372642      -0.48305076                0    2.2584878e-07   -3.6241576e-07   -5.9550359e-07    5.5798205e-07     -0.082599066    -0.0044238535
       0.57734495      -0.47871995                0    2.1889571e-07   -3.6410566e-07   -5.9025621e-07    5.5634507e-07     -0.081039526    -0.0062524923
       0.58093083      -0.47436205                0     2.119492e-07   -3.6595037e-07   -5.8527729e-07    5.5478216e-07     -0.079495534    -0.0080411043
        0.5844838      -0.46997729                0    2.0501031e-07   -3.6794899e-07   -5.8056651e-07    5.5329281e-07     -0.077967249    -0.0097896671
        0.5880037      -0.46556592                0    1.9807996e-07   -3.7010065e-07   -5.7612311e-07    5.5187638e-07     -0.076454774     -0.011498194
       0.59149033      -0.46112818                0     1.911592e-07   -3.7240446e-07   -5.7194666e-07    5.5053226e-07     -0.074958235     -0.013166707
        0.5949434      -0.45666435                0    1.8424933e-07   -3.7485935e-07   -5.6803646e-07    5.4925977e-07     -0.073477805     -0.014795183
       0.59836286      -0.45217463                0    1.7735113e-07   -3.7746432e-07    -5.643916e-07    5.4805821e-07     -0.072013557     -0.016383717
       0.60174841      -0.44765934                0    1.7046608e-07   -3.8021818e-07    -5.610114e-07     5.469268e-07     -0.070565656     -0.017932303
       0.60509986      -0.44311869                0     1.632645e-07   -3.8360508e-07   -5.5705834e-07    5.4582324e-07     -0.069140643     -0.019490007
       0.60841703      -0.43855295                0    1.5518958e-07   -3.8835836e-07   -5.5103504e-07    5.4468438e-07     -0.067751326        -0.021127
       0.61169982      -0.43396237                0    1.4700132e-07     -3.93318e-07    -5.448133e-07    5.4360851e-07     -0.066384166     -0.022724187
       0.61494792      -0.42934722                0    1.3870246e-07   -3.9848203e-07   -5.3839591e-07    5.4259471e-07     -0.065039329     -0.024281582
        0.6181612      -0.42470777                0    1.3029526e-07    -4.038485e-07   -5.3178536e-07    5.4164207e-07     -0.063716888     -0.025799306
        0.6213395      -0.42004427                0    1.2178226e-07   -4.0941543e-07   -5.2498433e-07    5.4074945e-07     -0.062416919     -0.027277457
       0.62448263      -0.41535699                0    1.1316611e-07   -4.1518064e-07   -5.1799572e-07    5.3991585e-07     -0.061139524     -0.028716141
       0.62759042      -0.41064617                0    1.0444951e-07   -4.2114198e-07   -5.1082236e-07     5.391401e-07     -0.059884805     -0.030115467
       0.63066262      -0.40591213                0    9.5635528e-08    -4.272971e-07    -5.034675e-07    5.3842098e-07     -0.058652889      -0.03147554
       0.63369912      -0.40115508                0    8.6726828e-08   -4.3364366e-07    -4.959341e-07    5.3775727e-07     -0.057443835     -0.032796524
        0.6366998      -0.39637533                0    7.7726213e-08   -4.4017926e-07   -4.8822528e-07    5.3714797e-07     -0.056257702     -0.034078576
       0.63966435      -0.39157313                0    6.9152797e-08   -4.4367206e-07   -4.8162866e-07    5.3460548e-07     -0.054735839     -0.035029016
       0.64259273      -0.38674876                0    6.0649967e-08   -4.4604352e-07   -4.7578106e-07    5.3137785e-07     -0.053103734     -0.035840221
       0.64548469      -0.38190249                0    5.2026888e-08   -4.4846161e-07   -4.7027783e-07    5.2819297e-07     -0.051493265     -0.036620993
       0.64834011       -0.3770346                0    4.3287059e-08   -4.5092608e-07   -4.6511593e-07    5.2504998e-07     -0.049904615     -0.037371513
       0.65115881      -0.37214535                0    3.3235654e-08   -4.4978938e-07     -4.61464e-07    5.2060886e-07     -0.048346065     -0.038164984
       0.65394068      -0.36723506                0    2.2420721e-08   -4.4643403e-07   -4.5870593e-07    5.1548068e-07     -0.046817668     -0.038980182
       0.65668553      -0.36230394                0    1.1752576e-08   -4.4354962e-07   -4.5593234e-07    5.1067781e-07     -0.045314468     -0.039764985
       0.65939313      -0.35735232                0    1.2319674e-09   -4.4112994e-07   -4.5314482e-07    5.0619531e-07     -0.043836705     -0.040519573
       0.66206342      -0.35238048                0   -9.1410186e-09   -4.3916859e-07   -4.5034483e-07    5.0202817e-07     -0.042384483     -0.041244183
       0.66469628      -0.34738865                0   -1.9366084e-08   -4.3765891e-07   -4.4753389e-07    4.9817112e-07     -0.040957972      -0.04193905
       0.66729146      -0.34237719                0   -2.9442482e-08   -4.3659418e-07   -4.4471375e-07    4.9461875e-07      -0.03955742     -0.042604368
        0.6698488      -0.33734632                0   -3.3410018e-08   -4.3903572e-07   -4.4154305e-07    4.8778571e-07     -0.038187928     -0.043308157
       0.67236829      -0.33229637                0   -3.6497966e-08   -4.4151932e-07   -4.3840814e-07    4.8039408e-07     -0.036846947     -0.043993842
       0.67484969      -0.32722759                0   -3.9702186e-08   -4.4347976e-07   -4.3537324e-07    4.7301225e-07     -0.035534021     -0.044650454
       0.67729288      -0.32214028                0   -4.3017621e-08   -4.4492646e-07   -4.3243821e-07    4.6563935e-07     -0.034249298     -0.045278262
       0.67969769      -0.31703472                0   -4.6438913e-08   -4.4586895e-07   -4.2960301e-07    4.5827414e-07      -0.03299297     -0.045877531
       0.68206406      -0.31191123                0   -4.9960974e-08   -4.4631702e-07    -4.268673e-07    4.5091571e-07     -0.031765133     -0.046448551
        0.6843918      -0.30677009                0   -5.8026743e-08   -4.4464036e-07    -4.242597e-07    4.4432724e-07     -0.030566178     -0.047014635
       0.68668079      -0.30161154                0   -7.6010764e-08    -4.393728e-07   -4.2194489e-07    4.3922628e-07     -0.029397368     -0.047605786
       0.68893087      -0.29643595                0   -9.3519489e-08   -4.3461372e-07   -4.1992229e-07    4.3372185e-07     -0.028258916     -0.048169438
       0.69114196      -0.29124355                0   -1.1055955e-07   -4.3035297e-07   -4.1818748e-07    4.2782142e-07     -0.027150903     -0.048705921
        0.6933139      -0.28603467                0   -1.2713716e-07   -4.2658033e-07   -4.1673624e-07    4.2153255e-07     -0.026073497     -0.049215533
       0.69544661      -0.28080958                0   -1.4325921e-07   -4.2328526e-07   -4.1556399e-07    4.1486294e-07     -0.025026798     -0.049698614
       0.69753993       -0.2755686                0   -1.5893218e-07   -4.2045721e-07   -4.1466632e-07    4.0782052e-07     -0.024010964     -0.050155479
       0.69959372      -0.27031204                0   -1.5711352e-07   -4.2903559e-07   -4.1241938e-07    4.0432343e-07     -0.023021702     -0.050651774
       0.70160794      -0.26504013                0   -1.5325472e-07    -4.386842e-07   -4.1029989e-07    4.0151102e-07      -0.02206403     -0.051130503
       0.70358247      -0.25975326                0    -1.494484e-07   -4.4803954e-07   -4.0850153e-07    3.9893447e-07     -0.021138642     -0.051584091
       0.70551711      -0.25445163                0   -1.4568832e-07   -4.5710979e-07   -4.0701795e-07    3.9658676e-07     -0.020245694     -0.052012872
       0.70741177      -0.24913563                0   -1.4196887e-07   -4.6590301e-07   -4.0584254e-07    3.9446084e-07     -0.019385293     -0.052417204
       0.70926642      -0.24380551                0   -1.3828445e-07   -4.7442745e-07   -4.0496849e-07    3.9254962e-07     -0.018557455     -0.052797481
       0.71108091       -0.2384616                0   -1.3927401e-07   -4.8248711e-07   -4.0145329e-07    3.8945524e-07     -0.017706677     -0.052981477
       0.71285516      -0.23310417                0   -1.5327922e-07    -4.913615e-07   -3.9224912e-07    3.8471691e-07     -0.016842913     -0.053069413
         0.714589      -0.22773355                0   -1.6734624e-07   -5.0000239e-07   -3.8334204e-07    3.7999885e-07      -0.01601037     -0.053143859
       0.71628237      -0.22235003                0   -1.8146906e-07   -5.0841936e-07   -3.7472506e-07    3.7530009e-07      -0.01520923     -0.053205162
        0.7179352      -0.21695393                0   -1.9564146e-07   -5.1662204e-07   -3.6639122e-07    3.7061963e-07     -0.014439674     -0.053253666
       0.71954739      -0.21154554                0   -2.0985712e-07    -5.246203e-07   -3.5833352e-07    3.6595657e-07     -0.013701934     -0.053289715
       0.72111887      -0.20612517                0   -2.2410975e-07   -5.3242388e-07   -3.5054478e-07    3.6130979e-07       -0.0129962     -0.053313673
       0.72264946      -0.20069313                0   -2.3694321e-07   -5.2041719e-07   -3.4478342e-07    3.5615159e-07     -0.012305759     -0.053373266
       0.72413915      -0.19524972                0   -2.4906984e-07   -5.0349433e-07   -3.3958062e-07    3.5106484e-07     -0.011643901     -0.053433996
       0.72558784      -0.18979527                0   -2.6083532e-07   -4.8682745e-07   -3.3445548e-07    3.4620106e-07     -0.011015361     -0.053483836
       0.72699547      -0.18433006                0    -2.722482e-07   -4.7040942e-07    -3.294073e-07    3.4155079e-07     -0.010420306     -0.053523161
        0.7283619      -0.17885442                0   -2.8331704e-07   -4.5423323e-07   -3.2443546e-07    3.3710444e-07    -0.0098589491     -0.053552333
       0.72968715      -0.17336865                0   -2.9405078e-07   -4.3829141e-07    -3.195392e-07    3.3285244e-07    -0.0093314145     -0.053571731
       0.73097104      -0.16787307                0   -2.9889455e-07   -4.2850132e-07   -3.1553918e-07    3.2779189e-07    -0.0088260975     -0.053601034
        0.7322135      -0.16236797                0   -2.9483482e-07   -4.2817297e-07   -3.1290801e-07    3.2113613e-07    -0.0083365738     -0.053652119
       0.73341459      -0.15685369                0   -2.9079013e-07    -4.278497e-07   -3.1034054e-07    3.1437349e-07    -0.0078818537     -0.053694833
       0.73457408      -0.15133052                0   -2.8675248e-07   -4.2753499e-07   -3.0783684e-07    3.0750732e-07    -0.0074622445     -0.053729549
       0.73569202      -0.14579879                0   -2.8271495e-07   -4.2723181e-07   -3.0539655e-07    3.0054127e-07    -0.0070777852     -0.053756647
       0.73676825      -0.14025879                0   -2.7866955e-07   -4.2694356e-07   -3.0301968e-07    2.9347871e-07    -0.0067287385     -0.053776503
        0.7378028      -0.13471086                0   -2.7581626e-07   -4.2677334e-07   -3.0067378e-07    2.8622699e-07    -0.0064130537     -0.053791545
       0.73879558      -0.12915531                0   -2.9480543e-07   -4.2847773e-07   -2.9791872e-07    2.7713307e-07    -0.0060951915     -0.053837422
       0.73974651      -0.12359243                0   -3.1357561e-07   -4.3026634e-07    -2.954319e-07     2.679526e-07    -0.0058134589      -0.05387757
        0.7406556      -0.11802256                0   -3.3213203e-07   -4.3213853e-07   -2.9319983e-07    2.5868923e-07    -0.0055679381     -0.053912349
       0.74152267        -0.112446                0   -3.5047944e-07   -4.3409406e-07   -2.9120918e-07    2.4934653e-07    -0.0053588673     -0.053942133
       0.74234784      -0.10686308                0   -3.6862352e-07   -4.3613215e-07   -2.8944621e-07    2.3992823e-07    -0.0051862244     -0.053967301
       0.74313092      -0.10127411                0   -3.8656901e-07    -4.382525e-07   -2.8789736e-07    2.3043799e-07    -0.0050502438     -0.053988226
       0.74387193      -0.09567941                0   -3.8892196e-07   -4.3855306e-07   -2.8569062e-07    2.2452224e-07     -0.004912708     -0.054026917
       0.74457085     -0.090079285                0   -3.8665192e-07   -4.3831392e-07    -2.832189e-07    2.1960693e-07     -0.004800871     -0.054068826
       0.74522758     -0.084474064                0   -3.8431074e-07   -4.3809359e-07   -2.8071454e-07    2.1462077e-07    -0.0047262274     -0.054107968
        0.7458421     -0.078864053                0   -3.8189239e-07   -4.3789737e-07   -2.7818365e-07    2.0956863e-07    -0.0046888441     -0.054144692
       0.74641442     -0.073249578                0    -3.793908e-07   -4.3773071e-07   -2.7563226e-07    2.0445542e-07     -0.004688777     -0.054179344
       0.74694449     -0.067630962                0   -3.7679968e-07   -4.3759903e-07   -2.7306649e-07    1.9928603e-07    -0.0047261454     -0.054212287
       0.74743223     -0.062008511                0   -3.7683537e-07   -4.3558148e-07   -2.6898323e-07    1.9491235e-07    -0.0047696121     -0.054252684
       0.74787766     -0.056382552                0   -3.7909024e-07   -4.3200873e-07   -2.6360715e-07    1.9124701e-07    -0.0048230998     -0.054300062
       0.74828076       -0.0507534                0   -3.8115181e-07   -4.2859489e-07   -2.5827771e-07    1.8755132e-07    -0.0049143583     -0.054347057
       0.74864149     -0.045121372                0   -3.8302767e-07   -4.2532815e-07   -2.5299417e-07    1.8382853e-07    -0.0050434917     -0.054393996
       0.74895978     -0.039486792                0    -3.847255e-07   -4.2219654e-07   -2.4775576e-07    1.8008187e-07    -0.0052106008      -0.05444118
       0.74923575     -0.033849973                0   -3.8625336e-07   -4.1918776e-07   -2.4256161e-07    1.7631463e-07    -0.0054156259     -0.054488935
       0.74946922     -0.028211242                0   -3.8910628e-07   -4.1745648e-07   -2.3762229e-07    1.7225017e-07    -0.0056371093     -0.054539323
       0.74966031      -0.02257091                0   -3.9501447e-07   -4.1830037e-07   -2.3320766e-07    1.6759233e-07    -0.0058500357     -0.054594766
       0.74980891     -0.016929301                0    -4.007839e-07   -4.1919233e-07   -2.2886591e-07     1.629497e-07    -0.0061012134     -0.054651856
       0.74991506     -0.011286733                0   -4.0641919e-07    -4.201377e-07   -2.2458234e-07    1.5831385e-07    -0.0063906312     -0.054710843
       0.74997878    -0.0056435266                0   -4.1192462e-07   -4.2114189e-07    -2.203423e-07    1.5367637e-07    -0.0067183152     -0.054772001
             0.75   -4.8145332e-14                0   -4.1730434e-07   -4.2221043e-07   -2.1613114e-07    1.4902876e-07    -0.0070843659     -0.054835595
