            x [m]            y [m]            z [m]   FieldxRe [V/m]   FieldxIm [V/m]   FieldyRe [V/m]   FieldyIm [V/m]   FieldzRe [V/m]   FieldzIm [V/m]
---------------------------------------------------------------------------------------------------------------------------------------------------------
             0.75                0                0    6.3688935e-07    -5.942702e-07    2.6447285e-07   -2.0334835e-07       0.11881585      0.058981568
       0.74997878     0.0056435266                0    6.3575152e-07   -5.9229569e-07     2.691624e-07   -1.9883834e-07       0.11873893      0.062595919
       0.74991506      0.011286733                0    6.3602715e-07   -5.9357177e-07    2.7013715e-07   -1.9246545e-07       0.11804084      0.066037364
       0.74980891      0.016929301                0    6.3646388e-07   -5.9470318e-07    2.7112907e-07   -1.8602918e-07        0.1173299      0.069485232
       0.74966031       0.02257091                0    6.3705818e-07     -5.95693e-07    2.7214503e-07   -1.7953229e-07       0.11660616      0.072939202
       0.74946922      0.028211242                0    6.3780641e-07   -5.9654406e-07    2.7319203e-07   -1.7297738e-07       0.11586963      0.076398969
       0.74923575      0.033849973                0    6.3870442e-07   -5.9725983e-07    2.7427694e-07   -1.6636739e-07       0.11512037      0.079864174
       0.74895978      0.039486792                0    6.3974898e-07   -5.9784298e-07    2.7540673e-07    -1.597048e-07       0.11435837      0.083334528
       0.74864149      0.045121372                0    6.3147104e-07   -5.9857541e-07    2.7500712e-07   -1.4805076e-07       0.11298527      0.086482994
       0.74828076        0.0507534                0    6.2239019e-07   -5.9920728e-07    2.7447021e-07   -1.3588095e-07       0.11154056      0.089603424
       0.74787766      0.056382552                0     6.134519e-07   -5.9971353e-07    2.7395276e-07   -1.2369912e-07       0.11008444      0.092728265
       0.74743223      0.062008511                0    6.0465322e-07     -6.00097e-07    2.7345465e-07    -1.115128e-07       0.10861714       0.09585721
       0.74694449      0.067630962                0    5.9599148e-07   -6.0036041e-07    2.7297588e-07   -9.9329377e-08       0.10713885      0.098989964
       0.74641442      0.073249578                0    5.8746389e-07   -6.0050633e-07    2.7251633e-07   -8.7156209e-08       0.10564975       0.10212623
        0.7458421      0.078864053                0     5.818074e-07    -5.986733e-07    2.7482366e-07   -7.9137763e-08       0.10374717       0.10492776
       0.74522758      0.084474064                0    5.7758336e-07   -5.9588615e-07    2.7832272e-07   -7.3076762e-08       0.10165307       0.10757957
       0.74457085      0.090079285                0    5.7356704e-07   -5.9299208e-07     2.817483e-07   -6.7124574e-08      0.099550493       0.11023453
       0.74387193       0.09567941                0    5.6976342e-07   -5.8999387e-07    2.8509186e-07   -6.1295687e-08      0.097439773       0.11289239
       0.74313092       0.10127411                0    5.6617705e-07   -5.8689466e-07    2.8834484e-07   -5.5604701e-08      0.095321283       0.11555289
       0.74234784       0.10686308                0      5.62813e-07   -5.8369722e-07    2.9149876e-07   -5.0065996e-08      0.093195356       0.11821577
       0.74152267         0.112446                0    5.5665691e-07   -5.8452611e-07    2.9170263e-07   -4.8351616e-08      0.090698898       0.12044568
        0.7406556       0.11802256                0     5.494698e-07    -5.867829e-07    2.9097023e-07   -4.7842455e-08       0.08806745       0.12252267
       0.73974651       0.12359243                0    5.4229434e-07   -5.8900821e-07    2.9035289e-07    -4.718202e-08      0.085431546       0.12460208
       0.73879558       0.12915531                0    5.3511963e-07   -5.9120924e-07    2.8985795e-07   -4.6361745e-08      0.082791656        0.1266837
        0.7378028       0.13471086                0    5.2793564e-07   -5.9339254e-07    2.8949282e-07   -4.5373014e-08      0.080148242        0.1287673
       0.73676825       0.14025879                0    5.2073227e-07   -5.9556498e-07    2.8926479e-07   -4.4207304e-08      0.077501766        0.1308527
       0.73569202       0.14579879                0     5.106059e-07   -5.8864367e-07    2.9272911e-07   -3.4938587e-08      0.074557282       0.13243385
       0.73457408       0.15133052                0    4.9987347e-07   -5.7858921e-07    2.9729304e-07    -2.251571e-08      0.071511716       0.13384505
       0.73341459       0.15685369                0    4.8959379e-07   -5.6849484e-07    3.0170352e-07    -9.572533e-09      0.068466425       0.13525848
        0.7322135       0.16236797                0    4.7978278e-07   -5.5836409e-07      3.05952e-07    3.9156767e-09      0.065421939       0.13667399
       0.73097104       0.16787307                0    4.7045512e-07   -5.4820123e-07    3.1002989e-07    1.7973122e-08      0.062378839       0.13809136
       0.72968715       0.17336865                0    4.6162648e-07   -5.3800972e-07    3.1392872e-07    3.2624136e-08      0.059337646       0.13951045
        0.7283619       0.17885442                0    4.5554987e-07   -5.3617413e-07    3.1325712e-07    4.3971887e-08      0.056124128       0.14047787
       0.72699547       0.18433006                0     4.501247e-07   -5.3792934e-07    3.1035535e-07    5.3680814e-08      0.052840948       0.14125594
       0.72558784       0.18979527                0    4.4423902e-07   -5.3975009e-07    3.0702876e-07    6.3296127e-08      0.049562763       0.14203638
       0.72413915       0.19524972                0     4.378669e-07   -5.4164383e-07    3.0326009e-07    7.2810273e-08      0.046290178       0.14281905
       0.72264946       0.20069313                0    4.3050835e-07   -5.4307156e-07    2.9897339e-07    8.1777607e-08      0.043002002       0.14351894
       0.72111887       0.20612517                0     4.197376e-07   -5.4085069e-07    2.9414267e-07    8.7458901e-08      0.039572317       0.14364049
       0.71954739       0.21154554                0    4.0908293e-07   -5.3872958e-07    2.8942995e-07    9.2709051e-08      0.036151107       0.14376511
        0.7179352       0.21695393                0    3.9854328e-07   -5.3671556e-07    2.8484052e-07    9.7509712e-08      0.032739002       0.14389269
       0.71628237       0.22235003                0    3.8811794e-07   -5.3481568e-07    2.8037945e-07    1.0184293e-07      0.029336598       0.14402315
         0.714589       0.22773355                0    3.7780592e-07   -5.3303683e-07    2.7605185e-07    1.0569089e-07      0.025944484       0.14415637
       0.71285516       0.23310417                0    3.6760667e-07   -5.3138598e-07    2.7186269e-07    1.0903606e-07      0.022563262       0.14429227
       0.71108091        0.2384616                0    3.5633784e-07   -5.2202893e-07    2.7006627e-07    1.2407874e-07      0.019124655       0.14370036
       0.70926642       0.24380551                0    3.4441507e-07   -5.1149391e-07    2.6811489e-07    1.4052202e-07      0.015672503       0.14300488
       0.70741177       0.24913563                0    3.3185137e-07   -4.9985636e-07    2.6582484e-07    1.5771842e-07      0.012200455       0.14220177
       0.70551711       0.25445163                0    3.1956512e-07   -4.8834931e-07    2.6347024e-07    1.7482196e-07     0.0087443562       0.14140274
       0.70358247       0.25975326                0    3.0756138e-07   -4.7697949e-07    2.6105016e-07    1.9182843e-07     0.0053048339       0.14060789
       0.70160794       0.26504013                0     2.958451e-07   -4.6575411e-07    2.5856366e-07    2.0873316e-07      0.001882609       0.13981727
       0.69959372       0.27031204                0    2.8248974e-07   -4.5909047e-07    2.5255954e-07    2.2180576e-07    -0.0014891159       0.13852416
       0.69753993        0.2755686                0     2.682722e-07     -4.54445e-07    2.4523885e-07    2.3341741e-07     -0.004828129       0.13701089
       0.69544661       0.28080958                0    2.5399521e-07   -4.4983736e-07      2.38198e-07    2.4528859e-07     -0.008148429       0.13550358
        0.6933139       0.28603467                0    2.3965478e-07    -4.452713e-07    2.3144425e-07    2.5742378e-07     -0.011449385       0.13400228
       0.69114196       0.29124355                0    2.2524695e-07   -4.4075068e-07    2.2498482e-07    2.6982724e-07     -0.014730345       0.13250715
       0.68893087       0.29643595                0    2.1076792e-07   -4.3627904e-07     2.188267e-07    2.8250341e-07      -0.01799072       0.13101824
       0.68668079       0.30161154                0    1.9870708e-07    -4.314748e-07    2.1421074e-07    2.9410299e-07     -0.021180781       0.12932631
        0.6843918       0.30677009                0    1.9189358e-07   -4.2603656e-07    2.1221732e-07    3.0283084e-07     -0.024241708       0.12717943
       0.68206406       0.31191123                0    1.8472122e-07   -4.2090664e-07    2.0990012e-07    3.1158865e-07     -0.027281826       0.12504028
       0.67969769       0.31703472                0    1.7718095e-07   -4.1609323e-07    2.0725304e-07    3.2037536e-07     -0.030300612       0.12290896
       0.67729288       0.32214028                0    1.6926406e-07   -4.1160462e-07    2.0427012e-07    3.2918976e-07     -0.033297505       0.12078558
       0.67484969       0.32722759                0    1.6096212e-07   -4.0744868e-07    2.0094549e-07    3.3803084e-07     -0.036271982       0.11867025
       0.67236829       0.33229637                0    1.5226672e-07   -4.0363327e-07    1.9727342e-07    3.4689748e-07     -0.039223496       0.11656309
        0.6698488       0.33734632                0     1.435438e-07   -3.9672753e-07    1.9340662e-07    3.5669839e-07     -0.041950684       0.11400153
       0.66729146       0.34237719                0    1.3536679e-07   -3.8897787e-07    1.8900501e-07    3.6617561e-07      -0.04460451       0.11132981
       0.66469628       0.34738865                0    1.2774453e-07   -3.8123713e-07    1.8399382e-07    3.7501732e-07     -0.047236588       0.10866751
       0.66206342       0.35238048                0    1.2068463e-07   -3.7350691e-07    1.7836402e-07    3.8321207e-07     -0.049846482       0.10601471
       0.65939313       0.35735232                0    1.1419462e-07   -3.6578896e-07    1.7210689e-07    3.9074851e-07     -0.052433696       0.10337158
       0.65668553       0.36230394                0    1.0828178e-07   -3.5808472e-07    1.6521382e-07    3.9761588e-07     -0.054997828       0.10073818
       0.65394068       0.36723506                0    1.0170491e-07   -3.5028961e-07    1.5788885e-07    4.0488482e-07     -0.057500251      0.098060466
       0.65115881       0.37214535                0    8.5657909e-08   -3.4190381e-07    1.5181912e-07    4.2024496e-07     -0.059688147      0.094978012
       0.64834011        0.3770346                0    6.9306992e-08   -3.3390464e-07    1.4559581e-07    4.3581039e-07     -0.061855488      0.091906264
       0.64548469       0.38190249                0    5.2647323e-08   -3.2629822e-07    1.3921779e-07    4.5158302e-07     -0.064001888      0.088845357
       0.64259273       0.38674876                0    3.5673782e-08   -3.1909065e-07    1.3268414e-07    4.6756486e-07     -0.066127017      0.085795417
       0.63966435       0.39157313                0    1.8381776e-08   -3.1228771e-07    1.2599381e-07    4.8375767e-07      -0.06823054      0.082756579
        0.6366998       0.39637533                0   -3.2699177e-11   -3.0557851e-07    1.1898657e-07    5.0037937e-07     -0.070289791      0.079674177
       0.63369912       0.40115508                0   -1.8223712e-08    -2.983092e-07       1.1169e-07    5.1755512e-07     -0.072125115      0.076332711
       0.63066262       0.40591213                0    -2.853502e-08   -2.9098055e-07    1.0503464e-07    5.3453363e-07     -0.073503047      0.072619684
       0.62759042       0.41064617                0   -3.8696133e-08   -2.8386324e-07    9.7853196e-08    5.5139049e-07     -0.074864857      0.068920009
       0.62448263       0.41535699                0   -4.8705779e-08   -2.7696026e-07    9.0141249e-08    5.6812388e-07      -0.07621035      0.065233834
        0.6213395       0.42004427                0    -5.856247e-08    -2.702746e-07    8.1894854e-08    5.8473148e-07      -0.07753928      0.061561383
        0.6181612       0.42470777                0    -6.826496e-08   -2.6380911e-07    7.3110137e-08     6.012113e-07     -0.078851461      0.057902839
       0.61494792       0.42934722                0   -7.7811933e-08   -2.5756648e-07    6.3783382e-08     6.175614e-07     -0.080146685      0.054258384
       0.61169982       0.43396237                0   -8.7202203e-08   -2.5154935e-07    5.3911087e-08    6.3377985e-07     -0.081424765      0.050628182
       0.60841703       0.43855295                0   -9.6434448e-08   -2.4576013e-07    4.3489791e-08    6.4986477e-07     -0.082685515      0.047012456
       0.60509986       0.44311869                0   -1.0550759e-07   -2.4020144e-07    3.2516652e-08     6.658143e-07     -0.083928742      0.043411382
       0.60174841       0.44765934                0   -1.1442044e-07   -2.3487544e-07    2.0988566e-08    6.8162655e-07     -0.085154273      0.039825145
       0.59836286       0.45217463                0   -1.2317187e-07   -2.2978435e-07    8.9027878e-09    6.9729992e-07     -0.086361937       0.03625394
        0.5949434       0.45666435                0   -1.3176091e-07   -2.2493023e-07   -3.7432812e-09    7.1283284e-07     -0.087551579      0.032697923
       0.59149033       0.46112818                0   -1.4018644e-07   -2.2031523e-07   -1.6951631e-08    7.2822326e-07     -0.088723011      0.029157344
        0.5880037       0.46556592                0   -1.4844755e-07   -2.1594104e-07   -3.0724834e-08    7.4346991e-07     -0.089876123       0.02563232
        0.5844838       0.46997729                0   -1.5659134e-07   -2.0946845e-07   -4.0723044e-08    7.5727047e-07      -0.09037552      0.022048745
       0.58093083       0.47436205                0   -1.6477665e-07   -2.0247492e-07   -4.9574545e-08    7.7094398e-07     -0.090657204      0.018454595
       0.57734495       0.47871995                0   -1.7301491e-07    -1.957397e-07   -5.8679674e-08    7.8498692e-07     -0.090933301      0.014874411
       0.57372642       0.48305076                0   -1.8130629e-07   -1.8926443e-07   -6.8038482e-08    7.9939997e-07     -0.091203786       0.01130837
       0.57007533       0.48735419                0   -1.8965071e-07   -1.8305053e-07   -7.7651315e-08    8.1418392e-07     -0.091468595     0.0077566896
         0.566392       0.49163005                0   -1.9804834e-07   -1.7709945e-07   -8.7517876e-08     8.293394e-07     -0.091727696     0.0042195059
       0.56267661       0.49587807                0   -2.0810918e-07   -1.7118506e-07   -9.9073731e-08    8.4496145e-07     -0.091854453    0.00060195336
       0.55892932       0.50009799                0   -2.1896004e-07   -1.6543854e-07   -1.1186916e-07    8.6089506e-07     -0.091901459    -0.0030587027
       0.55515045       0.50428963                0   -2.2957768e-07   -1.6000713e-07    -1.250683e-07    8.7705592e-07     -0.091945365    -0.0067052906
        0.5513401       0.50845265                0   -2.3996088e-07   -1.5489186e-07   -1.3867137e-07     8.934436e-07     -0.091986172     -0.010337548
       0.54749852       0.51258695                0   -2.5010897e-07   -1.5009364e-07   -1.5267813e-07    9.1005802e-07     -0.092023864     -0.013955377
       0.54362595       0.51669222                0   -2.6002098e-07   -1.4561334e-07   -1.6708816e-07    9.2689834e-07      -0.09205845     -0.017558523
       0.53972262       0.52076823                0   -2.6969605e-07   -1.4145166e-07   -1.8190093e-07    9.4396387e-07     -0.092089914     -0.021146774
       0.53578871       0.52481472                0   -2.7913347e-07   -1.3760916e-07   -1.9711607e-07    9.6125405e-07     -0.092118256      -0.02471995
       0.53182447       0.52883148                0   -2.8833259e-07   -1.3408624e-07   -2.1273284e-07    9.7876773e-07     -0.092143469     -0.028277822
       0.52783012       0.53281832                0    -2.972929e-07   -1.3088321e-07   -2.2875035e-07    9.9650435e-07     -0.092165545     -0.031820241
       0.52380586       0.53677505                0    -3.023446e-07   -1.2569821e-07   -2.4104475e-07    1.0135993e-06     -0.091536865      -0.03496369
       0.51975197       0.54070133                0   -3.0674221e-07   -1.2034253e-07   -2.5295699e-07    1.0308069e-06     -0.090821005      -0.03803758
       0.51566863       0.54459697                0   -3.1104184e-07   -1.1514926e-07   -2.6508968e-07    1.0482561e-06     -0.090115413     -0.041099161
       0.51155609       0.54846179                0   -3.1524334e-07   -1.1011849e-07    -2.774419e-07    1.0659458e-06      -0.08942011     -0.044148281
       0.50741458       0.55229563                0   -3.1934655e-07   -1.0525025e-07   -2.9001282e-07    1.0838747e-06     -0.088735133     -0.047184784
        0.5032444        0.5560981                0   -3.2335132e-07   -1.0054469e-07   -3.0280154e-07    1.1020412e-06     -0.088060521     -0.050208393
       0.49904564       0.55986911                0   -3.2725757e-07   -9.6001614e-08   -3.1580765e-07    1.1204439e-06     -0.087396294     -0.053218998
       0.49481869       0.56360847                0   -3.3106531e-07   -9.1620954e-08   -3.2902963e-07    1.1390812e-06     -0.086742468     -0.056216437
       0.49056369       0.56731588                0   -3.3544225e-07   -8.7530225e-08   -3.4264687e-07    1.1549912e-06     -0.085982822     -0.059240736
       0.48628092       0.57099116                0   -3.4054301e-07   -8.3820616e-08   -3.5667449e-07    1.1675845e-06     -0.085097276     -0.062302221
       0.48197061       0.57463408                0   -3.4557249e-07   -8.0362831e-08   -3.7088788e-07    1.1804176e-06     -0.084226787       -0.0653532
         0.477633       0.57824451                0   -3.5053068e-07   -7.7156102e-08   -3.8528603e-07    1.1934889e-06     -0.083371341     -0.068393528
       0.47326836       0.58182216                0   -3.5541746e-07   -7.4199676e-08   -3.9986799e-07    1.2067961e-06     -0.082530968     -0.071422935
       0.46887693        0.5853669                0   -3.6023272e-07   -7.1492586e-08   -4.1463264e-07    1.2203376e-06      -0.08170563     -0.074441269
       0.46445894       0.58887851                0    -3.649765e-07   -6.9033852e-08   -4.2957913e-07    1.2341109e-06     -0.080895349     -0.077448294
       0.46001467       0.59235674                0   -3.6964872e-07   -6.6822395e-08   -4.4470636e-07    1.2481133e-06     -0.080100112     -0.080443777
       0.45554432       0.59580147                0   -3.7424942e-07   -6.4856977e-08   -4.6001333e-07    1.2623429e-06     -0.079319879     -0.083427571
        0.4510482       0.59921241                0   -3.7877854e-07   -6.3136348e-08   -4.7549889e-07    1.2767968e-06     -0.078554668     -0.086399361
       0.44652656       0.60258943                0   -3.8170558e-07   -6.0646116e-08   -4.8737485e-07     1.290018e-06     -0.077401467     -0.088735193
       0.44197959       0.60593235                0   -3.8398062e-07   -5.7973093e-08   -4.9824888e-07     1.303146e-06     -0.076150075     -0.090873905
       0.43740761       0.60924101                0   -3.8605262e-07   -5.5407803e-08   -5.0926218e-07     1.316634e-06     -0.074923538     -0.093004681
       0.43281087       0.61251509                0   -3.8792291e-07   -5.2949819e-08    -5.204148e-07    1.3304777e-06     -0.073721871     -0.095127307
       0.42818964       0.61575454                0   -3.8959294e-07   -5.0598537e-08   -5.3170618e-07    1.3446737e-06      -0.07254497     -0.097241692
       0.42354414       0.61895907                0   -3.9106419e-07   -4.8353471e-08   -5.4313648e-07    1.3592173e-06     -0.071392812     -0.099347644
       0.41887468       0.62212861                0   -3.9205861e-07    -4.622278e-08   -5.5581268e-07    1.3735036e-06     -0.070207231      -0.10145207
       0.41418147       0.62526292                0   -3.9203513e-07   -4.4222954e-08   -5.7212071e-07    1.3861836e-06     -0.068865292      -0.10357179
       0.40946484       0.62836182                0   -3.9191519e-07   -4.2324228e-08    -5.885596e-07    1.3991221e-06     -0.067551665       -0.1056856
       0.40472502       0.63142508                0    -3.916997e-07   -4.0525958e-08   -6.0512957e-07    1.4123144e-06     -0.066266231      -0.10779328
       0.39996228       0.63445264                0   -3.9138951e-07   -3.8827388e-08   -6.2183017e-07    1.4257569e-06     -0.065008834      -0.10989471
       0.39517689       0.63744432                0   -3.9098558e-07   -3.7227785e-08   -6.3866116e-07    1.4394451e-06     -0.063779347      -0.11198968
       0.39036912       0.64039981                0   -3.9048885e-07   -3.5726462e-08   -6.5562296e-07    1.4533744e-06     -0.062577657      -0.11407796
       0.38553923       0.64331913                0   -3.8990035e-07   -3.4322525e-08   -6.7271492e-07    1.4675405e-06     -0.061403569      -0.11615942
       0.38068753       0.64620197                0   -3.8922113e-07   -3.3015223e-08   -6.8993711e-07    1.4819385e-06     -0.060256951       -0.1182338
       0.37581429       0.64904827                0   -3.8845221e-07   -3.1803634e-08   -7.0728942e-07    1.4965638e-06     -0.059137613      -0.12030097
       0.37091976       0.65185773                0   -3.8759472e-07   -3.0686945e-08   -7.2477201e-07    1.5114109e-06     -0.058045417      -0.12236066
       0.36600423       0.65463036                0   -3.8664979e-07   -2.9664148e-08   -7.4238466e-07    1.5264756e-06     -0.056980129      -0.12441275
       0.36106795       0.65736592                0   -3.8561862e-07   -2.8734343e-08   -7.6012742e-07    1.5417522e-06     -0.055941578      -0.12645699
       0.35611126       0.66006422                0   -3.8450239e-07   -2.7896546e-08   -7.7800024e-07    1.5572354e-06     -0.054929573      -0.12849317
       0.35113439       0.66272515                0   -3.8330234e-07   -2.7149735e-08   -7.9600329e-07    1.5729198e-06     -0.053943899      -0.13052113
       0.34613764       0.66534859                0   -3.8131668e-07   -2.6962251e-08   -8.1314272e-07     1.588219e-06     -0.052936982      -0.13253334
       0.34112129       0.66793436                0   -3.7701577e-07   -2.7984402e-08   -8.2535763e-07    1.6010542e-06     -0.051695187      -0.13407914
       0.33608562       0.67048228                0   -3.7252721e-07   -2.8881129e-08   -8.3523679e-07    1.6128997e-06     -0.050344288      -0.13516937
       0.33103094       0.67299223                0   -3.6823945e-07   -2.9818267e-08    -8.451255e-07    1.6248428e-06     -0.049025111      -0.13625942
       0.32595748       0.67546409                0   -3.6414929e-07    -3.079559e-08   -8.5502757e-07    1.6368792e-06     -0.047737375       -0.1373492
        0.3208656       0.67789769                0   -3.6025341e-07   -3.1812835e-08   -8.6494651e-07    1.6490048e-06     -0.046480816      -0.13843864
       0.31575552        0.6802929                0   -3.5654836e-07   -3.2869771e-08   -8.7488627e-07    1.6612161e-06     -0.045255136      -0.13952763
       0.31062758       0.68264961                0   -3.5303069e-07   -3.3966103e-08   -8.8485035e-07    1.6735083e-06     -0.044060037      -0.14061609
       0.30548206        0.6849677                0   -3.4969685e-07   -3.5101568e-08   -8.9484274e-07    1.6858778e-06     -0.042895209      -0.14170392
       0.30031922       0.68724692                0   -3.4654317e-07   -3.6275956e-08   -9.0486793e-07    1.6983197e-06     -0.041760378      -0.14279102
        0.2951394       0.68948728                0   -3.4356603e-07   -3.7488906e-08   -9.1492939e-07    1.7108301e-06     -0.040655173      -0.14387731
       0.28994286        0.6916886                0   -3.4076157e-07   -3.8740179e-08   -9.2503143e-07    1.7234047e-06     -0.039579287      -0.14496271
        0.2847299       0.69385076                0   -3.3812594e-07    -4.002948e-08   -9.3517832e-07    1.7360388e-06     -0.038532387       -0.1460471
       0.27950081       0.69597363                0   -3.3565527e-07   -4.1356515e-08   -9.4537427e-07     1.748728e-06     -0.037514117       -0.1471304
        0.2742559       0.69805706                0   -3.3247491e-07   -4.2156561e-08   -9.5618486e-07    1.7610198e-06     -0.036516394      -0.14820398
       0.26899549       0.70010102                0   -3.2405134e-07   -3.9698445e-08   -9.7072814e-07    1.7708992e-06     -0.035499372      -0.14922464
       0.26371983       0.70210528                0    -3.155632e-07   -3.7490345e-08   -9.8581256e-07    1.7812542e-06     -0.034509499      -0.15024389
        0.2584292       0.70406985                0    -3.070117e-07   -3.5526384e-08   -1.0014297e-06    1.7920696e-06     -0.033546377       -0.1512617
       0.25312397       0.70599449                0   -2.9839825e-07   -3.3800692e-08   -1.0175723e-06    1.8033286e-06     -0.032609679      -0.15227792
       0.24780442       0.70787919                0   -2.8999983e-07   -3.4380879e-08   -1.0321028e-06    1.8159441e-06     -0.031692121      -0.15327631
       0.24247082       0.70972383                0   -2.8138197e-07   -3.7857241e-08   -1.0437776e-06     1.829721e-06     -0.030790102      -0.15424982
        0.2371235       0.71152824                0   -2.7194125e-07   -4.1160309e-08   -1.0554957e-06    1.8430997e-06     -0.029912921      -0.15522131
       0.23176275       0.71329236                0   -2.6170181e-07    -4.429566e-08   -1.0672624e-06     1.856087e-06     -0.029060176      -0.15619069
       0.22638887       0.71501613                0   -2.5068815e-07   -4.7268923e-08   -1.0790829e-06    1.8686899e-06     -0.028231466       -0.1571579
       0.22100218       0.71669942                0   -2.4142722e-07   -4.9559745e-08    -1.088145e-06    1.8792599e-06     -0.027422221      -0.15808709
       0.21560298       0.71834207                0   -2.3294226e-07   -5.1715915e-08   -1.0961575e-06    1.8892292e-06     -0.026634263      -0.15900123
       0.21019156       0.71994412                0   -2.2445923e-07   -5.3948611e-08   -1.1040901e-06    1.8992201e-06     -0.025868529      -0.15991265
       0.20476824       0.72150534                0   -2.1597934e-07   -5.6256013e-08   -1.1119545e-06    1.9092256e-06      -0.02512466      -0.16082126
       0.19933334       0.72302574                0   -2.0781759e-07   -5.8555912e-08   -1.1196637e-06    1.9185611e-06     -0.024402887      -0.16172001
       0.19388714       0.72450519                0   -2.0219827e-07   -6.0361117e-08   -1.1269474e-06    1.9230101e-06     -0.023706412      -0.16256565
       0.18842997       0.72594362                0   -1.9708632e-07   -6.2250962e-08   -1.1347504e-06    1.9274041e-06     -0.023029832      -0.16340794
       0.18296212       0.72734094                0   -1.9246288e-07   -6.4222831e-08   -1.1430619e-06    1.9317381e-06     -0.022372771      -0.16424675
       0.17748392       0.72869712                0   -1.8830877e-07   -6.6274083e-08   -1.1518706e-06    1.9360077e-06     -0.021734815      -0.16508202
       0.17199567         0.730012                0   -1.8299531e-07   -6.9326283e-08   -1.1577342e-06    1.9427318e-06     -0.021123856      -0.16587737
       0.16649768       0.73128551                0   -1.7634613e-07   -7.3115579e-08   -1.1608631e-06    1.9515053e-06     -0.020537427       -0.1666387
       0.16099025       0.73251766                0   -1.6956828e-07   -7.6849872e-08   -1.1639962e-06    1.9602435e-06     -0.019968115      -0.16739595
       0.15547371       0.73370832                0    -1.625957e-07   -8.0756848e-08   -1.1666051e-06    1.9683114e-06     -0.019392218      -0.16799635
       0.14994837       0.73485744                0    -1.555091e-07   -8.5175508e-08   -1.1681418e-06    1.9749957e-06     -0.018784231      -0.16827533
       0.14441454       0.73596495                0   -1.4882818e-07   -8.6003581e-08    -1.171904e-06    1.9782153e-06     -0.018221853      -0.16847877
       0.13887255        0.7370308                0   -1.4222783e-07   -8.6719538e-08   -1.1759823e-06    1.9813551e-06     -0.017676035      -0.16869336
       0.13332267       0.73805493                0   -1.3570433e-07   -8.7329219e-08   -1.1803759e-06    1.9844133e-06     -0.017146485      -0.16891912
       0.12776525       0.73903722                0   -1.2925398e-07    -8.783848e-08   -1.1850847e-06    1.9873871e-06     -0.016632926      -0.16915612
       0.12220061       0.73997772                0   -1.2287299e-07   -8.8253231e-08   -1.1901071e-06     1.990275e-06     -0.016135037      -0.16940436
       0.11662903       0.74087626                0   -1.1654159e-07   -8.8593637e-08   -1.1954063e-06    1.9930962e-06     -0.015652869      -0.16966313
       0.11105086        0.7417329                0   -1.0787404e-07   -9.1004992e-08   -1.1955497e-06    1.9990614e-06     -0.015231478      -0.16982065
        0.1054664       0.74254751                0   -9.9190423e-08   -9.3455327e-08   -1.1959902e-06    2.0049617e-06     -0.014823987      -0.16998956
      0.099875964       0.74332011                0   -9.0492421e-08   -9.5941971e-08   -1.1967281e-06    2.0107934e-06      -0.01443015       -0.1701699
       0.09427987       0.74405062                0   -8.1781735e-08   -9.8462259e-08   -1.1977635e-06    2.0165517e-06     -0.014049735       -0.1703617
      0.088678442         0.744739                0   -7.3060079e-08   -1.0101351e-07   -1.1990968e-06    2.0222328e-06     -0.013682507      -0.17056501
      0.083071992       0.74538517                0   -6.4047285e-08   -1.0373159e-07   -1.2009208e-06    2.0274724e-06     -0.013330912      -0.17077406
       0.07746084       0.74598914                0   -4.9359659e-08   -1.0930331e-07    -1.206965e-06    2.0252394e-06     -0.013046446      -0.17087592
        0.0718453       0.74655092                0   -3.4844248e-08    -1.148849e-07    -1.213278e-06    2.0228742e-06     -0.012773739      -0.17098939
      0.066225693       0.74707037                0   -2.0482641e-08   -1.2047516e-07   -1.2198641e-06    2.0203777e-06     -0.012512648      -0.17111453
      0.060602341       0.74754757                0   -6.2564212e-09   -1.2607295e-07   -1.2267261e-06    2.0177495e-06     -0.012262984      -0.17125134
      0.054975551       0.74798238                0    7.8529956e-09   -1.3167704e-07    -1.233868e-06    2.0149898e-06     -0.012024603      -0.17139983
       0.04934565       0.74837494                0    2.0803165e-08   -1.3669434e-07   -1.2393688e-06    2.0127836e-06     -0.011803905      -0.17154655
      0.043712955       0.74872506                0    2.5728822e-08   -1.3724194e-07   -1.2305701e-06    2.0156892e-06     -0.011644159      -0.17160253
      0.038077787       0.74903274                0    3.0787508e-08   -1.3783666e-07   -1.2221341e-06    2.0185284e-06     -0.011494829       -0.1716703
      0.032440457        0.7492981                0    3.5957271e-08   -1.3846795e-07   -1.2140476e-06    2.0212881e-06      -0.01135579      -0.17174985
      0.026801296       0.74952096                0    4.1216165e-08   -1.3912512e-07   -1.2062997e-06    2.0239554e-06      -0.01122698       -0.1718412
      0.021160616       0.74970144                0    4.4527269e-08   -1.3987872e-07   -1.2075826e-06    2.0239377e-06     -0.011143008      -0.17187491
      0.015518736       0.74983943                0    4.6922914e-08    -1.406473e-07   -1.2132323e-06    2.0225657e-06     -0.011085246      -0.17188786
     0.0098759793       0.74993497                0    4.9330929e-08   -1.4139049e-07   -1.2191615e-06    2.0210459e-06     -0.011037318      -0.17191266
     0.0042326623       0.74998808                0    5.1737452e-08    -1.421129e-07   -1.2253759e-06    2.0193786e-06     -0.010999192       -0.1719493
    -0.0014108941       0.74999869                0    5.6297669e-08   -1.4346783e-07   -1.2286241e-06    2.0186737e-06       -0.0109838      -0.17197207
    -0.0070543704        0.7499668                0    6.7344835e-08   -1.4675544e-07   -1.2223944e-06    2.0211533e-06     -0.011017038      -0.17192948
     -0.012697447       0.74989253                0    7.8384602e-08   -1.5002803e-07    -1.216456e-06    2.0234997e-06     -0.011060047      -0.17189872
     -0.018339805       0.74977571                0    8.9431573e-08   -1.5328366e-07   -1.2108073e-06     2.025723e-06       -0.0111129      -0.17187983
     -0.023981126        0.7496165                0    1.0050048e-07   -1.5652063e-07   -1.2054443e-06    2.0278339e-06     -0.011175592      -0.17187278
     -0.029621087       0.74941486                0    1.0905254e-07   -1.5970998e-07   -1.2043208e-06    2.0295852e-06     -0.011290145      -0.17179394
      -0.03525937       0.74917072                0    1.1703103e-07   -1.6283053e-07   -1.2043854e-06    2.0311836e-06     -0.011424114      -0.17170851
     -0.040895659        0.7488842                0    1.2499068e-07    -1.658716e-07    -1.204775e-06    2.0326952e-06     -0.011568337      -0.17163488
     -0.046529632       0.74855524                0    1.3292831e-07   -1.6881978e-07   -1.2054971e-06     2.034129e-06     -0.011722927      -0.17157303
     -0.052160971       0.74818397                0    1.4070878e-07   -1.7185256e-07   -1.2034438e-06    2.0309105e-06     -0.011909802      -0.17147839
     -0.057789356       0.74777025                0     1.483203e-07   -1.7516385e-07   -1.1966708e-06    2.0201799e-06     -0.012142645      -0.17132401
     -0.063414469       0.74731427                0    1.5601607e-07   -1.7849118e-07   -1.1901436e-06    2.0092484e-06     -0.012386657      -0.17118131
     -0.069035992       0.74681592                0    1.6380866e-07   -1.8184141e-07   -1.1838555e-06    1.9981046e-06     -0.012642038       -0.1710503
     -0.074653603       0.74627531                0    1.7171064e-07   -1.8522161e-07    -1.177798e-06    1.9867371e-06     -0.012908934      -0.17093094
      -0.08026699       0.74569243                0    1.7973449e-07   -1.8863865e-07   -1.1719636e-06    1.9751344e-06     -0.013187516       -0.1708232
     -0.085875824       0.74506736                0    1.8823097e-07   -1.9203726e-07   -1.1657994e-06    1.9692659e-06     -0.013504094      -0.17067063
     -0.091479808       0.74440008                0     1.971559e-07   -1.9541149e-07   -1.1592681e-06    1.9705449e-06     -0.013864815      -0.17046157
     -0.097078606       0.74369061                0    2.0605296e-07   -1.9884313e-07   -1.1530598e-06    1.9718434e-06     -0.014238614      -0.17026404
      -0.10267191       0.74293905                0    2.1491833e-07   -2.0233907e-07   -1.1471766e-06     1.973176e-06     -0.014625711      -0.17007798
      -0.10825939       0.74214548                0    2.2374819e-07   -2.0590608e-07   -1.1416214e-06    1.9745564e-06      -0.01502634      -0.16990337
      -0.11384075       0.74130982                0    2.3253877e-07    -2.095509e-07   -1.1363976e-06    1.9759984e-06      -0.01544076      -0.16974016
      -0.11941566       0.74043226                0    2.3968056e-07   -2.1038585e-07   -1.1323259e-06    1.9755921e-06     -0.015892245       -0.1695324
      -0.12498382       0.73951268                0    2.4518633e-07   -2.0806574e-07   -1.1292926e-06    1.9731635e-06     -0.016382458      -0.16927853
      -0.13054489       0.73855132                0     2.507268e-07   -2.0545821e-07   -1.1264003e-06    1.9706479e-06     -0.016888186      -0.16903591
      -0.13609858       0.73754811                0    2.5630357e-07   -2.0254555e-07     -1.12364e-06    1.9680463e-06     -0.017409755      -0.16880454
      -0.14164455       0.73650312                0     2.619181e-07   -1.9931028e-07   -1.1210021e-06    1.9653605e-06     -0.017947454      -0.16858438
      -0.14718251       0.73541641                0    2.6757195e-07   -1.9573496e-07    -1.118477e-06    1.9625923e-06     -0.018501574      -0.16837539
      -0.15271212        0.7342881                0    2.7490432e-07   -1.9277191e-07   -1.1135421e-06    1.9575552e-06     -0.019086497      -0.16813459
      -0.15823311       0.73311818                0    2.8380742e-07   -1.9076057e-07   -1.1059317e-06     1.949935e-06     -0.019690424      -0.16777277
      -0.16374512       0.73190677                0    2.9218586e-07   -1.8945417e-07    -1.096952e-06    1.9407607e-06     -0.020251317      -0.16701761
      -0.16924787       0.73065394                0    3.0054207e-07   -1.8804184e-07   -1.0882073e-06    1.9314318e-06     -0.020829145      -0.16625834
      -0.17474103       0.72935969                0    3.0887543e-07   -1.8651906e-07   -1.0796991e-06    1.9219492e-06     -0.021424294      -0.16549499
       -0.1802243       0.72802418                0    3.1052477e-07   -1.9307804e-07   -1.0626421e-06    1.9109293e-06     -0.022052076       -0.1646647
      -0.18569736       0.72664744                0    3.1208876e-07   -1.9952772e-07   -1.0455183e-06     1.900082e-06     -0.022699505      -0.16382769
       -0.1911599       0.72522956                0    3.1391448e-07   -2.0543172e-07   -1.0287721e-06    1.8895032e-06     -0.023366252      -0.16298719
      -0.19661163       0.72377062                0    3.1601269e-07   -2.1076904e-07   -1.0124103e-06    1.8792101e-06     -0.024052709      -0.16214326
      -0.20205222       0.72227067                0    3.2052316e-07    -2.128838e-07   -1.0020889e-06    1.8711767e-06      -0.02476136      -0.16127446
      -0.20748137       0.72072983                0     3.283869e-07    -2.107198e-07   -1.0011026e-06    1.8661292e-06     -0.025494464      -0.16036715
      -0.21289878       0.71914816                0    3.3587929e-07   -2.0893633e-07   -9.9995123e-07    1.8605797e-06     -0.026249221      -0.15945697
      -0.21830413       0.71752584                0    3.4298699e-07   -2.0754861e-07   -9.9862098e-07    1.8545159e-06     -0.027026009      -0.15854403
      -0.22369711       0.71586281                0    3.4969685e-07   -2.0657154e-07   -9.9709916e-07    1.8479248e-06     -0.027825257      -0.15762842
      -0.22907743       0.71415931                0    3.5611643e-07   -2.0685641e-07   -9.8573651e-07    1.8341576e-06     -0.028643455      -0.15667401
      -0.23444478       0.71241534                0    3.6257578e-07   -2.0735533e-07   -9.7175018e-07     1.818919e-06     -0.029484201      -0.15570575
      -0.23979886       0.71063107                0    3.6909597e-07    -2.077321e-07   -9.5831604e-07    1.8045191e-06     -0.030349173      -0.15473537
      -0.24513936       0.70880651                0    3.7567929e-07    -2.079838e-07   -9.4544458e-07    1.7909873e-06     -0.031238791      -0.15376292
      -0.25046596       0.70694184                0    3.8164526e-07   -2.0820886e-07   -9.3256415e-07    1.7789501e-06     -0.032151956      -0.15278508
       -0.2557784       0.70503718                0    3.8073071e-07   -2.0916367e-07   -9.1371987e-07    1.7734425e-06     -0.033075601      -0.15176965
      -0.26107636       0.70309258                0    3.8019328e-07   -2.0962059e-07   -8.9456046e-07    1.7677421e-06     -0.034025464       -0.1507526
      -0.26635954        0.7011081                0    3.8004313e-07    -2.095672e-07   -8.7507163e-07    1.7618468e-06      -0.03500193      -0.14973404
      -0.27162763       0.69908398                0    3.8029023e-07   -2.0899149e-07   -8.5523874e-07    1.7557549e-06     -0.036005333      -0.14871405
      -0.27688032       0.69702029                0    3.8165621e-07   -2.0751017e-07   -8.3802718e-07    1.7480774e-06     -0.037016485      -0.14767118
      -0.28211737       0.69491714                0    3.8434135e-07   -2.0519361e-07   -8.2609398e-07    1.7378873e-06     -0.038020559      -0.14658844
      -0.28733841       0.69277459                0    3.8689453e-07   -2.0288273e-07   -8.1424878e-07    1.7277525e-06     -0.039053116      -0.14550458
       -0.2925432       0.69059283                0     3.893125e-07   -2.0057904e-07   -8.0248861e-07    1.7176774e-06     -0.040114481      -0.14441967
      -0.29773143       0.68837202                0    3.9159201e-07   -1.9828397e-07   -7.9081104e-07    1.7076655e-06     -0.041204974      -0.14333381
      -0.30290279       0.68611217                0    3.9372989e-07   -1.9599877e-07   -7.7921425e-07    1.6977207e-06     -0.042324975      -0.14224708
      -0.30805701       0.68381351                0    3.9572302e-07   -1.9372487e-07   -7.6769544e-07    1.6878469e-06     -0.043474771      -0.14115959
      -0.31319377       0.68147612                0    3.9756833e-07   -1.9146356e-07   -7.5625275e-07    1.6780476e-06     -0.044654697      -0.14007144
      -0.31831282        0.6791001                0    3.9926283e-07   -1.8921611e-07   -7.4488378e-07    1.6683267e-06     -0.045865074       -0.1389827
      -0.32341382       0.67668569                0    4.0080354e-07   -1.8698391e-07   -7.3358626e-07    1.6586879e-06     -0.047106158      -0.13789348
      -0.32849652        0.6742329                0     4.021876e-07    -1.847681e-07   -7.2235844e-07    1.6491344e-06     -0.048378292      -0.13680385
      -0.33356065       0.67174202                0     4.034122e-07   -1.8257006e-07   -7.1119746e-07    1.6396701e-06     -0.049681712      -0.13571392
      -0.33860585       0.66921306                0    4.0447455e-07   -1.8039088e-07   -7.0010225e-07    1.6302982e-06     -0.051016729      -0.13462377
      -0.34363189       0.66664618                0    4.0536688e-07   -1.7824343e-07   -6.8904393e-07    1.6210072e-06     -0.052381411       -0.1335264
      -0.34863847       0.66404158                0    4.0533885e-07    -1.771312e-07   -6.7478061e-07    1.6090137e-06      -0.05346185      -0.13153146
      -0.35362533       0.66139936                0    4.0448774e-07   -1.7473778e-07   -6.6067236e-07     1.593927e-06     -0.054434456      -0.12950769
      -0.35859215       0.65871972                0    4.0349565e-07   -1.7216716e-07   -6.4654466e-07    1.5790757e-06     -0.055433281      -0.12747559
      -0.36353865       0.65600276                0     4.023608e-07   -1.6941715e-07   -6.3239577e-07    1.5644654e-06     -0.056458537      -0.12543532
      -0.36846459       0.65324867                0    4.0108142e-07   -1.6648558e-07   -6.1822345e-07    1.5501012e-06     -0.057510432      -0.12338714
      -0.37336966       0.65045762                0    3.9965573e-07   -1.6337037e-07    -6.040259e-07    1.5359885e-06     -0.058589153      -0.12133122
      -0.37825358       0.64762968                0    3.9808205e-07   -1.6006942e-07   -5.8980152e-07    1.5221323e-06     -0.059694912      -0.11926774
       -0.3831161       0.64476514                0    3.9635884e-07   -1.5658087e-07   -5.7554826e-07    1.5085379e-06     -0.060827851      -0.11719695
      -0.38795692         0.641864                0    3.9448446e-07    -1.529027e-07   -5.6126476e-07    1.4952099e-06     -0.061988194      -0.11511898
      -0.39277577       0.63892657                0    3.9245742e-07   -1.4903318e-07    -5.469492e-07    1.4821533e-06     -0.063176066      -0.11303408
       -0.3975724       0.63595301                0    3.9027628e-07   -1.4497057e-07   -5.3259998e-07    1.4693727e-06      -0.06439162      -0.11094244
      -0.40234649       0.63294339                0    3.8793959e-07   -1.4071308e-07   -5.1821593e-07    1.4568725e-06     -0.065635033      -0.10884421
      -0.40709782       0.62989789                0    3.8544601e-07    -1.362591e-07    -5.037956e-07    1.4446571e-06     -0.066906445      -0.10673959
      -0.41182607       0.62681681                0     3.827943e-07   -1.3160719e-07   -4.8933748e-07    1.4327309e-06     -0.068205945      -0.10462882
      -0.41653103        0.6237002                0    3.7998319e-07   -1.2675575e-07   -4.7484042e-07    1.4210977e-06     -0.069533706      -0.10251203
      -0.42121238       0.62054825                0    3.7701199e-07   -1.2166842e-07   -4.6089946e-07    1.4086448e-06     -0.070826955       -0.1003968
      -0.42586991       0.61736119                0    3.7385269e-07   -1.1628417e-07   -4.4870436e-07    1.3932287e-06     -0.071966775     -0.098295085
      -0.43050331       0.61413914                0    3.7048611e-07   -1.1070448e-07   -4.3660475e-07    1.3779947e-06     -0.073131293     -0.096184872
      -0.43511233       0.61088234                0    3.6691083e-07   -1.0492829e-07   -4.2460067e-07    1.3629458e-06     -0.074320562     -0.094066344
      -0.43969673       0.60759097                0    3.6312559e-07    -9.895453e-08   -4.1269217e-07    1.3480842e-06     -0.075534642     -0.091939628
      -0.44425622       0.60426521                0    3.5912913e-07   -9.2782223e-08   -4.0087963e-07    1.3334126e-06     -0.076773569      -0.08980488
      -0.44879055       0.60090518                0    3.5492025e-07   -8.6410367e-08   -3.8916329e-07    1.3189331e-06     -0.078037418     -0.087662227
      -0.45329949       0.59751117                0    3.4877374e-07   -8.2189914e-08   -3.7440034e-07    1.3033643e-06     -0.078936316     -0.084914289
      -0.45778275       0.59408331                0     3.418034e-07   -7.8617909e-08   -3.5863383e-07      1.28766e-06     -0.079709046     -0.081936464
      -0.46224007       0.59062183                0    3.3464212e-07   -7.4832151e-08   -3.4302104e-07    1.2723135e-06     -0.080496781     -0.078946821
      -0.46667126       0.58712685                0     3.272894e-07   -7.0831518e-08   -3.2756284e-07    1.2573279e-06     -0.081299558     -0.075945504
      -0.47107598       0.58359867                0      3.19745e-07   -6.6615122e-08   -3.1226057e-07    1.2427065e-06     -0.082117371     -0.072932817
      -0.47545406       0.58003747                0    3.1200855e-07   -6.2182018e-08   -2.9711498e-07     1.228452e-06     -0.082950227     -0.069908932
       -0.4798052       0.57644337                0    3.0407972e-07   -5.7531402e-08   -2.8212736e-07    1.2145669e-06     -0.083798163     -0.066874012
      -0.48412919       0.57281667                0    2.9595842e-07   -5.2662582e-08   -2.6729847e-07    1.2010538e-06     -0.084661141     -0.063828334
      -0.48842576       0.56915754                0     2.876445e-07   -4.7574936e-08   -2.5262943e-07    1.1879152e-06     -0.085539185     -0.060772073
      -0.49269468       0.56546617                0    2.7922346e-07   -4.2246345e-08     -2.38293e-07    1.1750426e-06     -0.086420514     -0.057709433
       -0.4969357       0.56174278                0    2.7244823e-07   -3.6207364e-08   -2.2768447e-07    1.1601153e-06     -0.087069124     -0.054718688
      -0.50114858       0.55798757                0    2.6558112e-07   -2.9870353e-08   -2.1720493e-07    1.1453213e-06     -0.087728165      -0.05171464
      -0.50533307       0.55420077                0    2.5862238e-07   -2.3234918e-08   -2.0685512e-07    1.1306621e-06     -0.088397607     -0.048697487
      -0.50948894       0.55038261                0     2.515724e-07   -1.6300731e-08    -1.966356e-07    1.1161387e-06     -0.089077413     -0.045667421
      -0.51361597       0.54653329                0    2.4443145e-07   -9.0675663e-09     -1.86547e-07    1.1017523e-06     -0.089767568     -0.042624604
      -0.51771396       0.54265296                0    2.3719981e-07   -1.5352519e-09   -1.7658984e-07    1.0875037e-06     -0.090468034     -0.039569188
      -0.52178258       0.53874201                0    2.2987807e-07    6.2959202e-09   -1.6676495e-07    1.0733943e-06     -0.091178767     -0.036501452
      -0.52582169       0.53480047                0    2.2246634e-07    1.4426035e-08   -1.5707272e-07    1.0594247e-06     -0.091899753     -0.033421453
      -0.52983105       0.53082865                0    2.1255279e-07    2.0866477e-08   -1.4567166e-07     1.045089e-06     -0.092156008     -0.030050259
      -0.53381038       0.52682686                0     2.010417e-07    2.6348186e-08     -1.33325e-07    1.0306337e-06     -0.092132345     -0.026500108
      -0.53775948       0.52279514                0    1.8933108e-07    3.2019948e-08   -1.2111718e-07    1.0163654e-06     -0.092105553     -0.022934504
      -0.54167813       0.51873386                0      1.77422e-07    3.7881321e-08   -1.0904887e-07    1.0022849e-06     -0.092075638     -0.019353757
      -0.54556608       0.51464319                0    1.6531511e-07    4.3931756e-08   -9.7120768e-08    9.8839291e-07     -0.092042595     -0.015758028
      -0.54942316       0.51052344                0    1.5301141e-07    5.0170701e-08   -8.5333397e-08    9.7469001e-07     -0.092006445     -0.012147558
      -0.55324918       0.50637472                0    1.4051146e-07    5.6597557e-08   -7.3687197e-08     9.611764e-07      -0.09196718    -0.0085224602
      -0.55704379       0.50219738                0    1.2781652e-07     6.321131e-08   -6.2183162e-08    9.4785287e-07     -0.091924809      -0.00488303
      -0.56080693       0.49799156                0    1.1492723e-07    7.0011346e-08    -5.082136e-08    9.3471942e-07     -0.091879345    -0.0012293609
       -0.5645383       0.49375755                0    1.0184478e-07    7.6996585e-08   -3.9602565e-08    9.2177658e-07     -0.091830797     0.0024382963
      -0.56823766       0.48949558                0    9.0833169e-08     8.392405e-08   -3.1082415e-08    9.0793662e-07     -0.091599837     0.0059870575
       -0.5719049       0.48520592                0    8.0169329e-08    9.1037023e-08   -2.3024789e-08    8.9416017e-07      -0.09133786     0.0095315045
      -0.57553977       0.48088875                0    6.9546402e-08     9.837094e-08   -1.5064352e-08    8.8060324e-07     -0.091070198      0.013090405
      -0.57914197       0.47654438                0    5.8964517e-08    1.0592423e-07   -7.2016348e-09    8.6726618e-07      -0.09079688      0.016663529
      -0.58271146       0.47217301                0    4.8423683e-08    1.1369557e-07     5.633396e-10    8.5414854e-07     -0.090517968      0.020250734
      -0.58624792       0.46777493                0    3.7923968e-08    1.2168319e-07    8.2300886e-09    8.4125037e-07     -0.090233497      0.023851795
      -0.58975118       0.46335033                0    2.5585042e-08    1.2922587e-07    1.7344263e-08     8.279336e-07     -0.089302741      0.027393663
      -0.59322107       0.45889953                0    1.2405394e-08    1.3679127e-07    2.6844837e-08    8.1459751e-07     -0.088140421      0.030926468
      -0.59665734       0.45442271                0   -1.0198242e-09    1.4460284e-07    3.6208782e-08    8.0145185e-07     -0.086959839      0.034474794
      -0.60005987       0.44992018                0   -1.4688787e-08    1.5265837e-07    4.5436174e-08    7.8849638e-07     -0.085761137      0.038038414
      -0.60342836       0.44539216                0   -2.8599958e-08    1.6095541e-07    5.4526808e-08    7.7573065e-07     -0.084544502      0.041617155
      -0.60676277       0.44083893                0   -4.2751523e-08    1.6949173e-07    6.3480961e-08    7.6315411e-07     -0.083310075      0.045210831
      -0.61006278       0.43626076                0   -5.7141705e-08    1.7826454e-07    7.2298477e-08    7.5076639e-07      -0.08205805      0.048819233
      -0.61332822       0.43165785                0   -7.1768824e-08    1.8727121e-07    8.0979468e-08    7.3856671e-07     -0.080788597      0.052442215
      -0.61655897       0.42703053                0   -8.6630727e-08    1.9650906e-07    8.9524178e-08    7.2655445e-07     -0.079501905      0.056079548
      -0.61975479       0.42237902                0   -1.0172566e-07    2.0597514e-07    9.7932684e-08    7.1472874e-07     -0.078198165      0.059731074
      -0.62291551        0.4177036                0   -1.1705146e-07    2.1566635e-07    1.0620517e-07    7.0308892e-07     -0.076877572      0.063396581
      -0.62604094       0.41300452                0   -1.3260619e-07    2.2557964e-07    1.1434188e-07    6.9163394e-07     -0.075540334      0.067075901
      -0.62913096       0.40828204                0   -1.4838761e-07    2.3571188e-07     1.223432e-07     6.803628e-07     -0.074186638      0.070768848
      -0.63218534       0.40353647                0    -1.643935e-07    2.4605961e-07    1.3020926e-07    6.6927453e-07     -0.072816737      0.074475206
      -0.63520396       0.39876804                0    -1.797181e-07    2.5435756e-07    1.3721596e-07    6.5840362e-07     -0.071281113      0.078063853
      -0.63818657       0.39397702                0   -1.9163417e-07    2.5611155e-07    1.4103198e-07    6.4734746e-07     -0.069274776      0.081242032
      -0.64113307        0.3891637                0   -2.0115101e-07    2.5732896e-07     1.422071e-07    6.3531388e-07     -0.067182235      0.084275268
      -0.64404327       0.38432837                0   -2.1083753e-07    2.5848971e-07     1.433345e-07    6.2366013e-07     -0.065067895      0.087319665
      -0.64691699       0.37947124                0   -2.2069261e-07    2.5959309e-07    1.4441429e-07    6.1238302e-07     -0.062932111      0.090375111
      -0.64975405       0.37459263                0   -2.3071493e-07     2.606385e-07    1.4544659e-07    6.0147886e-07     -0.060775213      0.093441449
      -0.65255439       0.36969283                0   -2.4090301e-07    2.6162559e-07    1.4643159e-07    5.9094373e-07     -0.058597568      0.096518569
      -0.65531772       0.36477208                0   -2.5262204e-07    2.6514064e-07    1.4842621e-07    5.8182513e-07     -0.056271929      0.099425822
      -0.65804398       0.35983068                0   -2.6650685e-07    2.7304054e-07     1.520788e-07    5.7450757e-07     -0.053719461       0.10205428
      -0.66073298       0.35486892                0   -2.8029044e-07    2.8131319e-07    1.5570353e-07     5.672004e-07     -0.051143691       0.10469253
      -0.66338456       0.34988704                0   -2.9397552e-07    2.8995152e-07    1.5930028e-07    5.5990461e-07     -0.048545048        0.1073405
      -0.66599858       0.34488538                0   -3.0756448e-07    2.9894829e-07    1.6286894e-07    5.5262103e-07     -0.045923986       0.10999804
      -0.66857487       0.33986416                0   -3.2106021e-07    3.0829614e-07    1.6640944e-07    5.4535059e-07     -0.043280944       0.11266506
      -0.67111331       0.33482373                0   -3.3446526e-07    3.1798751e-07    1.6992163e-07    5.3809418e-07     -0.040616393       0.11534142
      -0.67361379       0.32976431                0   -3.4870163e-07    3.2905785e-07    1.7425955e-07     5.288955e-07     -0.037751231       0.11761621
      -0.67607605       0.32468623                0   -3.6329553e-07    3.4080693e-07    1.7831744e-07    5.1867744e-07      -0.03478815       0.11972748
      -0.67850012       0.31958976                0   -3.7787422e-07    3.5277765e-07     1.816442e-07    5.0822615e-07     -0.031802367       0.12184685
      -0.68088573       0.31447521                0   -3.9243969e-07    3.6496334e-07    1.8425276e-07    4.9754726e-07     -0.028794436       0.12397421
      -0.68323278       0.30934283                0   -4.0699391e-07    3.7735754e-07    1.8615641e-07     4.866464e-07     -0.025764886       0.12610947
      -0.68554115       0.30419296                0   -4.2153863e-07     3.899537e-07    1.8736867e-07    4.7552942e-07      -0.02271428       0.12825251
      -0.68781066       0.29902586                0   -4.3602074e-07     4.010129e-07    1.8752897e-07    4.6416855e-07     -0.019613462       0.13027674
       -0.6900413       0.29384184                0   -4.5023333e-07    4.0481052e-07    1.8575832e-07    4.5280507e-07     -0.016363647        0.1317625
      -0.69223285       0.28864115                0   -4.6440036e-07     4.088175e-07    1.8391313e-07    4.4181809e-07     -0.013092922       0.13325456
      -0.69438517       0.28342414                0   -4.7852478e-07    4.1302596e-07    1.8199522e-07    4.3120096e-07    -0.0098019186        0.1347528
      -0.69649822       0.27819106                0   -4.9260973e-07    4.1742831e-07    1.8000645e-07    4.2094695e-07    -0.0064912266       0.13625713
       -0.6985718       0.27294225                0   -5.0665835e-07     4.220162e-07    1.7794882e-07    4.1104929e-07    -0.0031615046       0.13776745
      -0.70060581       0.26767799                0   -5.2067389e-07     4.267815e-07    1.7582423e-07    4.0150101e-07    0.00018661353        0.1392837
      -0.70260018       0.26239854                0   -5.3608602e-07    4.2669856e-07    1.7968952e-07       3.9245e-07     0.0035909424       0.14021273
      -0.70455474       0.25710428                0   -5.5203714e-07    4.2539901e-07    1.8533683e-07    3.8356708e-07     0.0070219166       0.14100544
      -0.70646942       0.25179541                0   -5.6821051e-07    4.2405017e-07     1.913638e-07    3.7479182e-07      0.010469864       0.14180236
       -0.7083441       0.24647233                0   -5.8460256e-07    4.2264887e-07     1.977604e-07    3.6612295e-07       0.01393406       0.14260338
      -0.71017867       0.24113527                0   -6.0104645e-07    4.2101931e-07    2.0444793e-07    3.5753075e-07      0.017408121       0.14339013
      -0.71197307       0.23578456                0   -6.1609785e-07    4.1780839e-07    2.1041427e-07    3.4873085e-07      0.020843564       0.14401263
      -0.71372712        0.2304205                0    -6.294639e-07    4.1977782e-07    2.1180671e-07     3.414259e-07      0.024252087       0.14422446
      -0.71544075       0.22504339                0   -6.4128591e-07    4.2639022e-07     2.098202e-07    3.3558661e-07      0.027638797       0.14408989
      -0.71711391       0.21965353                0   -6.5297507e-07    4.3338355e-07    2.0808518e-07    3.3001629e-07      0.031036109       0.14395803
      -0.71874642       0.21425125                0   -6.6454049e-07    4.4074071e-07    2.0659398e-07    3.2470828e-07      0.034443401       0.14382899
      -0.72033823       0.20883684                0   -6.7599137e-07    4.4844487e-07    2.0533882e-07     3.196555e-07      0.037860084       0.14370288
      -0.72188926        0.2034106                0   -6.8733664e-07    4.5647894e-07    2.0431183e-07    3.1485087e-07      0.041285574        0.1435798
      -0.72339946       0.19797283                0   -6.9622484e-07    4.6398083e-07    2.0331296e-07    3.0860468e-07       0.04465561       0.14321163
      -0.72486866       0.19252387                0   -7.0139805e-07    4.6977277e-07    2.0206629e-07    2.9953745e-07      0.047925252       0.14242791
      -0.72629684       0.18706399                0   -7.0698491e-07    4.7502039e-07    2.0083098e-07    2.9038441e-07      0.051200792       0.14164634
      -0.72768384       0.18159352                0   -7.1297541e-07    4.7973873e-07     1.996066e-07    2.8115093e-07      0.054481611       0.14086707
      -0.72902972       0.17611279                0   -7.1935847e-07    4.8394378e-07    1.9839277e-07    2.7184211e-07      0.057767149       0.14009023
      -0.73033422       0.17062207                0   -7.3049608e-07    4.8400312e-07    1.9599476e-07    2.6206149e-07      0.060857665       0.13880119
      -0.73159742       0.16512169                0   -7.4275437e-07    4.8320749e-07    1.9297988e-07    2.5221053e-07      0.063899837       0.13738291
       -0.7328192       0.15961196                0   -7.5498713e-07    4.8253622e-07    1.8963071e-07     2.424031e-07      0.066943645       0.13596642
      -0.73399949       0.15409319                0   -7.6720244e-07    4.8197654e-07    1.8596366e-07    2.3263956e-07      0.069988549       0.13455193
      -0.73513824       0.14856571                0   -7.7940859e-07    4.8151526e-07    1.8199528e-07    2.2292022e-07      0.073033996       0.13313958
      -0.73623532       0.14302981                0   -7.9161407e-07    4.8113907e-07    1.7774225e-07    2.1324544e-07      0.076079443       0.13172954
      -0.73729074        0.1374858                0   -7.9904873e-07    4.8060468e-07    1.7433024e-07    2.0850567e-07      0.078824833       0.12981018
      -0.73830444       0.13193402                0   -8.0512319e-07    4.7991182e-07    1.7134005e-07    2.0561069e-07      0.081469879        0.1277256
      -0.73927629       0.12637477                0   -8.1141923e-07    4.7911084e-07    1.6845114e-07    2.0298134e-07      0.084111616       0.12564294
       -0.7402063       0.12080835                0   -8.1793246e-07    4.7819822e-07    1.6565926e-07    2.0060399e-07      0.086749606       0.12356237
      -0.74109435        0.1152351                0   -8.2465868e-07    4.7716992e-07    1.6296025e-07    1.9846512e-07      0.089383356       0.12148412
       -0.7419405       0.10965532                0   -8.3159335e-07    4.7602259e-07    1.6034976e-07    1.9655093e-07       0.09201245       0.11940838
      -0.74274462       0.10406934                0   -8.3819867e-07    4.7807703e-07    1.5819636e-07     1.892772e-07      0.094258867       0.11688427
      -0.74350667       0.09847746                0    -8.447704e-07    4.8104533e-07    1.5624875e-07    1.8026421e-07      0.096381128       0.11422255
      -0.74422663      0.092880003                0    -8.514661e-07    4.8389307e-07    1.5438744e-07    1.7121549e-07      0.098495789       0.11156333
      -0.74490446      0.087277293                0   -8.5828793e-07    4.8661548e-07    1.5260717e-07     1.621362e-07       0.10060249       0.10890689
      -0.74554014      0.081669636                0   -8.6523744e-07    4.8920816e-07    1.5090266e-07    1.5303146e-07        0.1027009       0.10625347
      -0.74613357       0.07605736                0   -8.7231678e-07    4.9166619e-07    1.4926862e-07    1.4390648e-07       0.10479063       0.10360333
      -0.74668473      0.070440769                0   -8.8097909e-07    4.9281982e-07    1.4320153e-07    1.3427658e-07       0.10639533       0.10055789
      -0.74719363      0.064820193                0   -8.9014867e-07    4.9356908e-07    1.3599235e-07    1.2452809e-07       0.10787904       0.09742333
      -0.74766022      0.059195951                0   -8.9948981e-07    4.9417912e-07    1.2868296e-07    1.1477977e-07       0.10935186      0.094292447
      -0.74808449      0.053568356                0   -9.0899943e-07     4.946441e-07    1.2128939e-07    1.0503607e-07       0.11081359       0.09116552
      -0.74846643      0.047937725                0   -9.1867423e-07    4.9495821e-07    1.1382782e-07    9.5301516e-08       0.11226403       0.08804284
      -0.74880594      0.042304382                0   -9.2851133e-07    4.9511493e-07    1.0631454e-07    8.5580737e-08       0.11370294      0.084924713
      -0.74910307      0.036668643                0   -9.3635731e-07    4.9224718e-07    1.0058114e-07    7.8827611e-08       0.11474061       0.08159893
      -0.74935776      0.031030828                0   -9.4286111e-07    4.8721466e-07    9.6149925e-08     7.418879e-08       0.11549623      0.078131132
      -0.74957007      0.025391255                0   -9.4950667e-07    4.8199144e-07    9.1780251e-08    6.9627575e-08       0.11623915      0.074668624
      -0.74973989      0.019750245                0   -9.5629434e-07    4.7657591e-07    8.7468095e-08    6.5132809e-08       0.11696929      0.071211733
      -0.74986732      0.014108117                0   -9.6322367e-07    4.7096748e-07    8.3209173e-08    6.0693139e-08       0.11768666       0.06776078
       -0.7499522     0.0084651895                0   -9.7029499e-07    4.6516425e-07    7.8999534e-08    5.6297381e-08       0.11839117      0.064316101
       -0.7499947     0.0028217831                0   -9.7101452e-07    4.6008421e-07    7.5333077e-08    5.1969089e-08       0.11881784      0.060799718
       -0.7499947    -0.0028217831                0   -9.6154565e-07    4.5626842e-07    7.2500171e-08    4.7717677e-08       0.11881003      0.057165723
       -0.7499522    -0.0084651895                0   -9.5221429e-07    4.5225346e-07    6.9694877e-08    4.3489205e-08       0.11878942      0.053538974
      -0.74986732     -0.014108117                0   -9.4301521e-07    4.4803704e-07    6.6901436e-08    3.9288587e-08        0.1187562      0.049919792
      -0.74973989     -0.019750245                0   -9.3394414e-07    4.4361556e-07    6.4104313e-08    3.5120884e-08       0.11871048      0.046308547
      -0.74957007     -0.025391255                0   -9.2499579e-07    4.3898706e-07    6.1287771e-08    3.0990972e-08       0.11865245      0.042705536
      -0.74935776     -0.031030828                0   -9.1859954e-07    4.3490894e-07    5.8374027e-08     2.615759e-08       0.11845753      0.039103486
      -0.74910307     -0.036668643                0   -9.2320306e-07    4.3403304e-07    5.5188949e-08     1.804983e-08       0.11769374       0.03547617
      -0.74880594     -0.042304382                0   -9.2792868e-07    4.3296939e-07    5.2052144e-08    1.0022756e-08       0.11691899      0.031858109
      -0.74846643     -0.047937725                0   -9.3277447e-07    4.3172147e-07     4.897214e-08    2.0870736e-09       0.11613366      0.028249621
      -0.74808449     -0.053568356                0     -9.37739e-07    4.3029223e-07    4.5957499e-08   -5.7464113e-09       0.11533806      0.024651051
      -0.74766022     -0.059195951                0   -9.4282035e-07    4.2868541e-07    4.3016691e-08   -1.3467105e-08       0.11453255      0.021062715
      -0.74719363     -0.064820193                0   -9.4801669e-07    4.2690417e-07    4.0158206e-08   -2.1064317e-08       0.11371747      0.017484942
      -0.74668473     -0.070440769                0   -9.5129758e-07    4.2053216e-07    3.5139163e-08   -2.7839242e-08       0.11226834      0.014028819
      -0.74613357      -0.07605736                0   -9.5465305e-07    4.1381162e-07    3.0073604e-08   -3.4672883e-08       0.11079135      0.010587331
      -0.74554014     -0.081669636                0   -9.5815233e-07     4.068871e-07    2.5034957e-08    -4.160691e-08       0.10930765     0.0071571269
      -0.74490446     -0.087277293                0   -9.6179735e-07     3.997576e-07    2.0023322e-08   -4.8656844e-08       0.10781774     0.0037385062
      -0.74422663     -0.092880003                0   -9.6558938e-07    3.9242269e-07    1.5038754e-08   -5.5838193e-08       0.10632216    0.00033175899
      -0.74350667      -0.09847746                0   -9.6953022e-07    3.8488139e-07    1.0081357e-08   -6.3166347e-08       0.10482142    -0.0030628177
      -0.74274462      -0.10406934                0   -9.6364965e-07    3.8017691e-07    6.9582438e-09   -7.0530838e-08       0.10289337    -0.0062576206
       -0.7419405      -0.10965532                0   -9.5410201e-07    3.7641701e-07    4.5458837e-09   -7.7956031e-08       0.10080509    -0.0093702218
      -0.74109435       -0.1152351                0    -9.445958e-07    3.7246622e-07     2.170486e-09   -8.5487578e-08      0.098715588     -0.012470517
       -0.7402063      -0.12080835                0   -9.3512415e-07    3.6832554e-07   -1.6717294e-10   -9.3134425e-08      0.096625559     -0.015558273
      -0.73927629      -0.12637477                0   -9.2568069e-07    3.6399507e-07    -2.466205e-09   -1.0090546e-07      0.094535619     -0.018633228
      -0.73830444      -0.13193402                0   -9.1625856e-07    3.5947585e-07   -4.7258375e-09   -1.0880949e-07      0.092446461     -0.021695143
      -0.73729074       -0.1374858                0   -9.0730487e-07    3.5294516e-07   -6.2490795e-09   -1.1722801e-07      0.090138197     -0.024573702
      -0.73623532      -0.14302981                0   -8.9890585e-07    3.4397556e-07   -6.7590946e-09   -1.2612338e-07      0.087562084     -0.027230142
      -0.73513824      -0.14856571                0    -8.904907e-07    3.3481263e-07   -7.0622228e-09   -1.3498568e-07       0.08499144     -0.029874288
      -0.73399949      -0.15409319                0   -8.8205206e-07    3.2545634e-07   -7.1486568e-09    -1.438131e-07       0.08242701     -0.032505959
       -0.7328192      -0.15961196                0   -8.7358239e-07    3.1590716e-07   -7.0087474e-09   -1.5260392e-07      0.079869598      -0.03512501
      -0.73159742      -0.16512169                0    -8.650743e-07    3.0616539e-07   -6.6328845e-09   -1.6135631e-07      0.077319965     -0.037731271
      -0.73033422      -0.17062207                0   -8.5772558e-07    2.9700988e-07   -6.4479622e-09   -1.7017643e-07      0.074735165     -0.040270753
      -0.72902972      -0.17611279                0   -8.5986528e-07    2.9392353e-07   -9.5438892e-09   -1.8000546e-07      0.071818456     -0.042376734
      -0.72768384      -0.18159352                0   -8.6213169e-07    2.9094136e-07   -1.2590569e-08   -1.9017118e-07      0.068914466     -0.044471737
      -0.72629684      -0.18706399                0   -8.6452548e-07    2.8807733e-07    -1.558827e-08   -2.0068829e-07      0.066024065     -0.046555739
      -0.72486866      -0.19252387                0   -8.6704824e-07    2.8534387e-07   -1.8536866e-08   -2.1157132e-07      0.063148089     -0.048628628
      -0.72339946      -0.19797283                0   -8.6970078e-07    2.8275451e-07   -2.1436549e-08   -2.2283459e-07      0.060287401     -0.050690353
      -0.72188926       -0.2034106                0   -8.7248441e-07    2.8032167e-07   -2.4287289e-08   -2.3449238e-07      0.057442829     -0.052740827
      -0.72033823      -0.20883684                0   -8.6704864e-07    2.7395251e-07   -2.7096824e-08   -2.4445984e-07      0.054425053     -0.054398533
      -0.71874642      -0.21425125                0   -8.5822967e-07    2.6583317e-07   -2.9979425e-08   -2.5356439e-07       0.05134825     -0.055889823
      -0.71711391      -0.21965353                0   -8.4947152e-07    2.5762648e-07   -3.2956741e-08   -2.6260142e-07      0.048292294     -0.057373051
      -0.71544075      -0.22504339                0   -8.4077254e-07    2.4933516e-07   -3.6033619e-08   -2.7156761e-07      0.045258075     -0.058848254
      -0.71372712       -0.2304205                0   -8.3213104e-07    2.4096224e-07   -3.9214967e-08   -2.8045955e-07      0.042246461     -0.060315464
      -0.71197307      -0.23578456                0   -8.2354529e-07    2.3251042e-07   -4.2505498e-08   -2.8927394e-07      0.039258331     -0.061774716
      -0.71017867      -0.24113527                0   -8.1364431e-07    2.2322922e-07   -4.5271662e-08   -2.9756572e-07      0.036262643     -0.063104473
       -0.7083441      -0.24647233                0   -7.9528769e-07    2.0954579e-07   -4.5165493e-08   -3.0317739e-07      0.033099368     -0.064043164
      -0.70646942      -0.25179541                0   -7.7669682e-07    1.9567001e-07   -4.4953865e-08   -3.0905443e-07      0.029958984     -0.064979315
      -0.70455474      -0.25710428                0   -7.5825136e-07    1.8177349e-07   -4.4691337e-08   -3.1533472e-07      0.026850894     -0.065905444
      -0.70260018      -0.26239854                0   -7.3995494e-07    1.6786132e-07   -4.4377884e-08   -3.2202905e-07      0.023776164     -0.066821449
      -0.70060581      -0.26767799                0   -7.2181086e-07    1.5393815e-07   -4.4013483e-08   -3.2914838e-07      0.020735748      -0.06772726
       -0.6985718      -0.27294225                0   -7.0382271e-07    1.4000921e-07   -4.3598174e-08   -3.3670315e-07      0.017730692     -0.068622768
      -0.69649822      -0.27819106                0   -6.9298795e-07    1.3471349e-07   -4.3183519e-08   -3.4796199e-07      0.014741894     -0.069169886
      -0.69438517      -0.28342414                0   -6.8668771e-07    1.3521878e-07   -4.2799172e-08   -3.6119891e-07      0.011778086     -0.069493525
      -0.69223285      -0.28864115                0   -6.8038622e-07    1.3603442e-07   -4.2424887e-08   -3.7417118e-07     0.0088533182     -0.069812499
       -0.6900413      -0.29384184                0   -6.7408314e-07    1.3717175e-07   -4.2061995e-08   -3.8687253e-07     0.0059685288     -0.070126861
      -0.68781066      -0.29902586                0   -6.6777812e-07    1.3864215e-07   -4.1711832e-08   -3.9929643e-07      0.003124679     -0.070436642
      -0.68554115      -0.30419296                0   -6.6147066e-07    1.4045736e-07   -4.1375877e-08    -4.114367e-07    0.00032269128     -0.070741892
      -0.68323278      -0.30934283                0    -6.542511e-07    1.3970397e-07   -4.1317946e-08   -4.2265739e-07    -0.0024245451     -0.070941769
      -0.68088573      -0.31447521                0   -6.4331442e-07    1.2710589e-07   -4.2156778e-08   -4.3137788e-07    -0.0050795432     -0.070728078
      -0.67850012      -0.31958976                0   -6.3239122e-07    1.1447927e-07    -4.268227e-08   -4.4043142e-07     -0.007690791     -0.070516586
      -0.67607605      -0.32468623                0    -6.214816e-07    1.0182667e-07   -4.2889468e-08   -4.4982414e-07     -0.010257446     -0.070307449
      -0.67361379      -0.32976431                0    -6.105854e-07    8.9151087e-08   -4.2773621e-08   -4.5956193e-07     -0.012778662     -0.070100836
      -0.67111331      -0.33482373                0   -5.9970262e-07     7.645454e-08   -4.2329813e-08   -4.6965073e-07     -0.015253628     -0.069896877
      -0.66857487      -0.33986416                0    -5.888333e-07    6.3740018e-08   -4.1553498e-08   -4.8009599e-07     -0.017681515     -0.069695733
      -0.66599858      -0.34488538                0   -5.7460676e-07    5.3705833e-08   -3.9552198e-08   -4.9067984e-07     -0.019973829     -0.069202185
      -0.66338456      -0.34988704                0   -5.5831049e-07    4.5202285e-08   -3.6758699e-08    -5.015803e-07     -0.022170603     -0.068552501
      -0.66073298      -0.35486892                0   -5.4178133e-07     3.673378e-08   -3.3675782e-08   -5.1294506e-07     -0.024320625     -0.067913301
      -0.65804398      -0.35983068                0   -5.2501571e-07    2.8303305e-08   -3.0300036e-08    -5.247806e-07     -0.026423171     -0.067284815
      -0.65531772      -0.36477208                0   -5.0800998e-07    1.9914054e-08   -2.6628278e-08   -5.3709311e-07     -0.028477576     -0.066667303
      -0.65255439      -0.36969283                0   -4.9076067e-07    1.1569014e-08   -2.2657353e-08   -5.4988868e-07     -0.030483156     -0.066060983
      -0.64975405      -0.37459263                0   -4.7326463e-07    3.2708272e-09   -1.8384078e-08   -5.6317333e-07     -0.032439247     -0.065466084
      -0.64691699      -0.37947124                0   -4.6220077e-07   -4.1048196e-09   -1.4559163e-08   -5.7615858e-07       -0.0340751     -0.064330116
      -0.64404327      -0.38432837                0   -4.5179786e-07   -1.1258805e-08   -1.0485941e-08   -5.8901071e-07     -0.035642266     -0.063166514
      -0.64113307       -0.3891637                0   -4.4146265e-07   -1.8262725e-08   -6.0926624e-09    -6.017757e-07     -0.037165061     -0.062026352
      -0.63818657      -0.39397702                0   -4.3119601e-07   -2.5112712e-08   -1.3766055e-09   -6.1445184e-07     -0.038642988     -0.060909975
      -0.63520396      -0.39876804                0   -4.1765907e-07   -3.1239129e-08    4.4616839e-09   -6.2509309e-07     -0.040037237     -0.059774507
      -0.63218534      -0.40353647                0   -4.0329451e-07   -3.7028659e-08    1.0855409e-08   -6.3533332e-07     -0.041365918     -0.058643967
      -0.62913096      -0.40828204                0    -3.891241e-07   -4.2647269e-08     1.756522e-08   -6.4579507e-07     -0.042638954     -0.057530768
      -0.62604094      -0.41300452                0   -3.7515056e-07   -4.8091813e-08    2.4593255e-08   -6.5648038e-07     -0.043855805     -0.056435142
      -0.62291551       -0.4177036                0   -3.6137695e-07   -5.3358963e-08    3.1941283e-08   -6.6739113e-07     -0.045015957     -0.055357333
      -0.61975479      -0.42237902                0   -3.4780589e-07   -5.8445828e-08    3.9611258e-08   -6.7852909e-07     -0.046118911     -0.054297559
      -0.61655897      -0.42703053                0   -3.3444005e-07   -6.3349432e-08     4.760491e-08   -6.8989596e-07     -0.047164194     -0.053256039
      -0.61332822      -0.43165785                0   -3.2128204e-07    -6.806696e-08    5.5923852e-08   -7.0149321e-07     -0.048151333     -0.052232984
      -0.61006278      -0.43626076                0   -3.0833442e-07   -7.2595498e-08    6.4569491e-08   -7.1332238e-07      -0.04907991     -0.051228601
      -0.60676277      -0.44083893                0   -2.9559959e-07   -7.6932665e-08    7.3543383e-08   -7.2538484e-07     -0.049949478     -0.050243091
      -0.60342836      -0.44539216                0    -2.830935e-07   -8.1858097e-08    8.2075474e-08   -7.3776846e-07     -0.050658185     -0.049183253
      -0.60005987      -0.44992018                0   -2.7072781e-07   -8.9628109e-08    8.8070678e-08   -7.5076764e-07     -0.050932802     -0.047798634
      -0.59665734      -0.45442271                0   -2.5836709e-07   -9.7321937e-08    9.4496542e-08   -7.6408884e-07     -0.051164959     -0.046450503
      -0.59322107      -0.45889953                0   -2.4601226e-07   -1.0493787e-07    1.0135451e-07   -7.7773342e-07     -0.051354453     -0.045139156
      -0.58975118      -0.46335033                0     -2.33664e-07   -1.1247464e-07    1.0864638e-07    -7.917028e-07     -0.051501051     -0.043864872
      -0.58624792      -0.46777493                0   -2.2132292e-07   -1.1993083e-07    1.1637343e-07   -8.0599818e-07     -0.051604576      -0.04262789
      -0.58271146      -0.47217301                0   -2.0898989e-07   -1.2730519e-07    1.2453708e-07   -8.2062058e-07     -0.051664844     -0.041428473
      -0.57914197      -0.47654438                0   -1.9666547e-07    -1.345965e-07     1.331385e-07   -8.3557114e-07     -0.051681682     -0.040266842
      -0.57553977      -0.48088875                0    -1.843506e-07   -1.4180345e-07    1.4217851e-07   -8.5085037e-07      -0.05165495     -0.039143227
       -0.5719049      -0.48520592                0   -1.7204573e-07   -1.4892518e-07    1.5165841e-07   -8.6645923e-07     -0.051584486     -0.038057823
      -0.56823766      -0.48949558                0   -1.5975181e-07   -1.5596049e-07    1.6157864e-07    -8.823979e-07     -0.051470175     -0.037010841
       -0.5645383      -0.49375755                0   -1.4698449e-07    -1.625707e-07    1.7217256e-07   -8.9798084e-07     -0.051290803     -0.035977952
      -0.56080693      -0.49799156                0   -1.3093582e-07   -1.6668356e-07    1.8486037e-07   -9.0890637e-07     -0.050914101      -0.03480896
      -0.55704379      -0.50219738                0   -1.1511789e-07   -1.7065132e-07     1.980128e-07    -9.198846e-07      -0.05048516     -0.033674587
      -0.55324918      -0.50637472                0   -9.9532528e-08   -1.7447314e-07    2.1162963e-07   -9.3091523e-07     -0.050003916     -0.032574985
      -0.54942316      -0.51052344                0   -8.4180641e-08   -1.7814858e-07    2.2571145e-07   -9.4199817e-07     -0.049470279      -0.03151026
      -0.54556608      -0.51464319                0   -6.9624285e-08   -1.8167819e-07    2.3939941e-07   -9.5283457e-07     -0.048817955     -0.030460373
      -0.54167813      -0.51873386                0    -5.777963e-08    -1.851318e-07    2.4967778e-07   -9.6260499e-07     -0.047832567     -0.029364081
      -0.53775948      -0.52279514                0   -4.6146447e-08    -1.885488e-07    2.6032146e-07   -9.7277768e-07      -0.04681851     -0.028316932
      -0.53381038      -0.52682686                0   -3.4725595e-08   -1.9192885e-07    2.7132981e-07   -9.8335261e-07     -0.045775831     -0.027319014
      -0.52983105      -0.53082865                0   -2.3517956e-08    -1.952718e-07    2.8270244e-07   -9.9432896e-07     -0.044704579     -0.026370429
      -0.52582169      -0.53480047                0   -1.2523998e-08    -1.985774e-07    2.9443871e-07   -1.0057066e-06      -0.04360481     -0.025471201
      -0.52178258      -0.53874201                0   -1.7444677e-09   -2.0184544e-07    3.0653774e-07   -1.0174848e-06     -0.042476602      -0.02462139
      -0.51771396      -0.54265296                0    8.8200807e-09   -2.0507582e-07    3.1899873e-07   -1.0296621e-06      -0.04132003     -0.023821034
      -0.51361597      -0.54653329                0    1.9169597e-08   -2.0826849e-07    3.3182104e-07   -1.0422382e-06     -0.040135153     -0.023070103
      -0.50948894      -0.55038261                0      2.93035e-08   -2.1142327e-07     3.450034e-07   -1.0552111e-06     -0.038922094     -0.022368615
      -0.50533307      -0.55420077                0    3.9221717e-08   -2.1454018e-07    3.5854481e-07   -1.0685796e-06     -0.037680935     -0.021716531
      -0.50114858      -0.55798757                0    4.8924207e-08    -2.176192e-07    3.7244419e-07   -1.0823421e-06     -0.036411788     -0.021113794
       -0.4969357      -0.56174278                0    5.8411018e-08   -2.2066041e-07    3.8670029e-07   -1.0964968e-06     -0.035114758     -0.020560347
      -0.49269468      -0.56546617                0    6.7682194e-08   -2.2366382e-07    4.0131172e-07   -1.1110415e-06      -0.03378997     -0.020056108
      -0.48842576      -0.56915754                0    7.8551352e-08   -2.2312783e-07    4.1643131e-07    -1.121315e-06     -0.032239474     -0.019317627
      -0.48412919      -0.57281667                0     8.923822e-08   -2.2245274e-07    4.3198963e-07   -1.1315257e-06     -0.030647364     -0.018614899
       -0.4798052      -0.57644337                0    9.9655168e-08   -2.2180797e-07    4.4797923e-07   -1.1418902e-06     -0.029023195     -0.017961385
      -0.47545406      -0.58003747                0    1.0980282e-07   -2.2119349e-07    4.6439786e-07   -1.1524068e-06     -0.027367158      -0.01735693
      -0.47107598      -0.58359867                0    1.1960978e-07   -2.2074941e-07    4.8084951e-07   -1.1629577e-06     -0.025671896     -0.016807187
      -0.46667126      -0.58712685                0    1.2830162e-07   -2.2207065e-07    4.9276105e-07   -1.1723051e-06     -0.023864808     -0.016380839
      -0.46224007      -0.59062183                0    1.3681193e-07   -2.2342964e-07     5.049244e-07   -1.1819495e-06     -0.022050189     -0.016008394
      -0.45778275      -0.59408331                0    1.4514134e-07   -2.2482611e-07    5.1733826e-07   -1.1918878e-06      -0.02022817     -0.015689604
      -0.45329949      -0.59751117                0    1.5329086e-07   -2.2625983e-07    5.3000178e-07   -1.2021176e-06     -0.018398829     -0.015424183
      -0.44879055      -0.60090518                0    1.6126148e-07   -2.2773055e-07    5.4291382e-07   -1.2126355e-06     -0.016562268     -0.015211832
      -0.44425622      -0.60426521                0     1.690542e-07     -2.29238e-07    5.5607302e-07   -1.2234386e-06      -0.01471859     -0.015052229
      -0.43969673      -0.60759097                0     1.766702e-07   -2.3078189e-07    5.6947846e-07   -1.2345234e-06     -0.012867901      -0.01494504
      -0.43511233      -0.61088234                0     1.841108e-07   -2.3236196e-07    5.8312878e-07   -1.2458867e-06     -0.011010289     -0.014889899
      -0.43050331      -0.61413914                0    1.9137724e-07   -2.3397786e-07    5.9702268e-07   -1.2575248e-06    -0.0091458652     -0.014886425
      -0.42586991      -0.61736119                0      1.98471e-07    -2.356293e-07     6.111589e-07   -1.2694341e-06    -0.0072747283     -0.014934218
      -0.42121238      -0.62054825                0    2.0539366e-07   -2.3731599e-07     6.255363e-07   -1.2816103e-06    -0.0053969659      -0.01503286
      -0.41653103       -0.6237002                0    2.1217441e-07   -2.3622938e-07    6.4202197e-07    -1.290882e-06    -0.0034052245     -0.014932943
      -0.41182607      -0.62681681                0    2.1872688e-07   -2.3418889e-07     6.595356e-07    -1.299337e-06    -0.0013675019     -0.014797596
      -0.40709782      -0.62989789                0    2.2503335e-07   -2.3217748e-07    6.7743957e-07   -1.3080855e-06    0.00067869062     -0.014713838
      -0.40234649      -0.63294339                0    2.3109646e-07   -2.3019487e-07    6.9573071e-07   -1.3171232e-06     0.0027332492     -0.014681152
       -0.3975724      -0.63595301                0    2.3691905e-07   -2.2824074e-07    7.1440599e-07   -1.3264446e-06     0.0047960281     -0.014698997
      -0.39277577      -0.63892657                0    2.4250403e-07   -2.2631477e-07    7.3346246e-07   -1.3360445e-06     0.0068669161     -0.014766812
      -0.38795692        -0.641864                0    2.4785436e-07   -2.2441662e-07    7.5289631e-07    -1.345918e-06      0.008945778     -0.014884022
       -0.3831161      -0.64476514                0    2.5297317e-07   -2.2254596e-07    7.7270437e-07   -1.3560596e-06       0.01103249     -0.015050029
      -0.37825358      -0.64762968                0     2.578638e-07   -2.2070238e-07    7.9288333e-07    -1.366463e-06       0.01312692     -0.015264204
      -0.37336966      -0.65045762                0    2.6252945e-07   -2.1888553e-07    8.1342932e-07   -1.3771233e-06      0.015228937     -0.015525918
      -0.36846459      -0.65324867                0     2.669953e-07   -2.1714136e-07    8.3340763e-07     -1.38772e-06      0.017311879     -0.015843527
      -0.36353865      -0.65600276                0    2.7140692e-07   -2.1573966e-07    8.4911579e-07   -1.3970687e-06      0.019262817     -0.016249558
      -0.35859215      -0.65871972                0    2.7570303e-07   -2.1451505e-07    8.6506031e-07   -1.4067284e-06      0.021205004     -0.016697757
      -0.35362533      -0.66139936                0    2.7988602e-07   -2.1346483e-07    8.8124085e-07   -1.4166923e-06      0.023138596     -0.017187435
      -0.34863847      -0.66404158                0    2.8395823e-07   -2.1258624e-07    8.9765615e-07   -1.4269531e-06      0.025063725       -0.0177179
      -0.34363189      -0.66664618                0    2.8486494e-07   -2.1084659e-07    9.1265662e-07   -1.4339945e-06      0.026983786     -0.018043565
      -0.33860585      -0.66921306                0    2.8484354e-07   -2.0871708e-07    9.2737139e-07   -1.4401684e-06      0.028898321     -0.018336624
      -0.33356065      -0.67174202                0    2.8480702e-07   -2.0647033e-07     9.422821e-07   -1.4464889e-06      0.030806709     -0.018668564
      -0.32849652       -0.6742329                0    2.8475668e-07   -2.0410803e-07    9.5738903e-07   -1.4529503e-06      0.032709114     -0.019038597
      -0.32341382      -0.67668569                0    2.8469336e-07   -2.0163199e-07    9.7269094e-07   -1.4595473e-06      0.034605641     -0.019445958
      -0.31831282       -0.6791001                0    2.8461855e-07   -1.9904395e-07    9.8818828e-07   -1.4662733e-06      0.036496453     -0.019889804
      -0.31319377      -0.68147612                0    2.8453323e-07    -1.963457e-07    1.0038805e-06   -1.4731228e-06      0.038381714     -0.020369332
      -0.30805701      -0.68381351                0    2.8443876e-07   -1.9353912e-07    1.0197673e-06   -1.4800894e-06      0.040261563     -0.020883678
      -0.30290279      -0.68611217                0    2.8433638e-07    -1.906261e-07    1.0358488e-06   -1.4871667e-06      0.042136177     -0.021431981
      -0.29773143      -0.68837202                0    2.8422727e-07   -1.8760856e-07     1.052124e-06    -1.494349e-06      0.044005703     -0.022013377
       -0.2925432      -0.69059283                0    2.8411284e-07   -1.8448846e-07    1.0685936e-06    -1.501629e-06      0.045870341     -0.022626949
      -0.28733841      -0.69277459                0    2.8399427e-07   -1.8126778e-07    1.0852564e-06   -1.5090009e-06      0.047730245      -0.02327182
      -0.28211737      -0.69491714                0    2.8387294e-07   -1.7794861e-07    1.1021125e-06   -1.5164577e-06      0.049585596     -0.023947045
      -0.27688032      -0.69702029                0    2.8375027e-07   -1.7453291e-07    1.1191619e-06   -1.5239924e-06      0.051436603     -0.024651675
      -0.27162763      -0.69908398                0     2.853366e-07    -1.701234e-07     1.136276e-06   -1.5286394e-06       0.05320546     -0.025275532
      -0.26635954       -0.7011081                0    2.8767531e-07   -1.6541105e-07    1.1532818e-06   -1.5320634e-06      0.054927479     -0.025864558
      -0.26107636      -0.70309258                0    2.8977456e-07   -1.6095608e-07    1.1702061e-06   -1.5359801e-06        0.0566465     -0.026478529
       -0.2557784      -0.70503718                0    2.9164241e-07   -1.5675157e-07    1.1870565e-06   -1.5403702e-06      0.058362707     -0.027116444
      -0.25046596      -0.70694184                0    2.9328658e-07   -1.5279053e-07    1.2038395e-06   -1.5452151e-06      0.060076289     -0.027777344
      -0.24513936      -0.70880651                0    2.8994495e-07   -1.4757946e-07    1.2135438e-06   -1.5514424e-06      0.061709367     -0.028389264
      -0.23979886      -0.71063107                0    2.8611234e-07   -1.4236483e-07    1.2229514e-06   -1.5574989e-06      0.063333057     -0.029014291
      -0.23444478      -0.71241534                0    2.8225776e-07   -1.3728055e-07      1.23275e-06   -1.5632626e-06      0.064955056     -0.029658185
      -0.22907743      -0.71415931                0    2.7838385e-07   -1.3232201e-07    1.2429333e-06   -1.5687357e-06      0.066575527     -0.030319989
      -0.22369711      -0.71586281                0    2.7387901e-07   -1.2764731e-07    1.2554594e-06   -1.5754031e-06      0.068168312     -0.030982384
      -0.21830413      -0.71752584                0    2.6746693e-07   -1.2351181e-07    1.2745043e-06   -1.5866467e-06      0.069677532     -0.031608749
      -0.21289878      -0.71914816                0    2.6109458e-07   -1.1935076e-07    1.2939037e-06   -1.5979376e-06      0.071186155     -0.032248512
      -0.20748137      -0.72072983                0    2.5476291e-07   -1.1516407e-07    1.3136513e-06   -1.6092669e-06      0.072694361     -0.032900743
      -0.20205222      -0.72227067                0    2.4849399e-07   -1.1093533e-07     1.333623e-06   -1.6205569e-06      0.074195676     -0.033561371
      -0.19661163      -0.72377062                0     2.426861e-07    -1.076553e-07     1.342679e-06   -1.6249144e-06      0.075413071     -0.034103308
       -0.1911599      -0.72522956                0    2.3687394e-07   -1.0513394e-07    1.3474925e-06    -1.626191e-06      0.076581612     -0.034629315
      -0.18569736      -0.72664744                0    2.3123867e-07   -1.0246602e-07    1.3526421e-06   -1.6273856e-06      0.077751465     -0.035159968
       -0.1802243      -0.72802418                0    2.2577525e-07   -9.9656965e-08    1.3581255e-06   -1.6284932e-06      0.078923024     -0.035694495
      -0.17474103      -0.72935969                0    2.2030903e-07   -9.6521767e-08      1.36466e-06   -1.6290622e-06      0.080089532     -0.036229912
      -0.16924787      -0.73065394                0    2.1150622e-07   -8.9492914e-08    1.3858388e-06   -1.6205171e-06      0.081114434     -0.036722559
      -0.16374512      -0.73190677                0    2.0272422e-07    -8.249004e-08    1.4069433e-06   -1.6118603e-06       0.08214315     -0.037215177
      -0.15823311      -0.73311818                0    1.9396406e-07   -7.5511537e-08    1.4279899e-06   -1.6030871e-06      0.083176047     -0.037707049
      -0.15271212       -0.7342881                0    1.8522675e-07   -6.8555785e-08    1.4489949e-06   -1.5941926e-06      0.084213473     -0.038197462
      -0.14718251      -0.73541641                0    1.7771353e-07   -6.3698728e-08    1.4600465e-06   -1.5937969e-06      0.085154764     -0.038663752
      -0.14164455      -0.73650312                0    1.7141838e-07   -6.0827837e-08    1.4618463e-06   -1.6016048e-06      0.086004704     -0.039104626
      -0.13609858      -0.73754811                0    1.6519623e-07   -5.7930983e-08    1.4640607e-06   -1.6093082e-06      0.086861238     -0.039540052
      -0.13054489      -0.73855132                0    1.5904546e-07   -5.5009149e-08    1.4666829e-06   -1.6169008e-06      0.087724671     -0.039969377
      -0.12498382      -0.73951268                0    1.5296452e-07   -5.2063342e-08    1.4697057e-06   -1.6243757e-06      0.088595331     -0.040391937
      -0.11941566      -0.74043226                0    1.4695165e-07   -4.9094581e-08     1.473121e-06   -1.6317271e-06      0.089473508     -0.040807132
      -0.11384075      -0.74130982                0    1.4036098e-07   -4.6057682e-08    1.4756898e-06   -1.6373319e-06      0.090230137     -0.041197468
      -0.10825939      -0.74214548                0    1.3315082e-07   -4.2966089e-08     1.477349e-06   -1.6412846e-06      0.090869628     -0.041561354
      -0.10267191      -0.74293905                0    1.2593293e-07   -3.9868468e-08    1.4792707e-06   -1.6451636e-06      0.091518506     -0.041914031
     -0.097078606      -0.74369061                0    1.1871106e-07   -3.6764757e-08    1.4814551e-06    -1.648957e-06      0.092177004     -0.042255025
     -0.091479808      -0.74440008                0    1.1148916e-07   -3.3654874e-08    1.4839036e-06    -1.652652e-06       0.09284538      -0.04258379
     -0.085875824      -0.74506736                0    1.0427125e-07   -3.0538729e-08    1.4866176e-06   -1.6562359e-06      0.093523912     -0.042899769
      -0.08026699      -0.74569243                0    9.5453977e-08   -2.7276828e-08    1.4966038e-06    -1.652636e-06      0.094060786     -0.043191455
     -0.074653603      -0.74627531                0    8.5372328e-08   -2.3841508e-08    1.5126624e-06    -1.642939e-06       0.09448269     -0.043459043
     -0.069035992      -0.74681592                0    7.5373549e-08   -2.0339346e-08    1.5289828e-06   -1.6329694e-06       0.09491612     -0.043710891
     -0.063414469      -0.74731427                0    6.5453527e-08   -1.6777422e-08     1.545567e-06   -1.6227291e-06      0.095361233     -0.043946642
     -0.057789356      -0.74777025                0    5.5608254e-08   -1.3162843e-08     1.562418e-06   -1.6122192e-06      0.095818251     -0.044165887
     -0.052160971      -0.74818397                0    4.5833481e-08    -9.502731e-09    1.5795371e-06    -1.601442e-06      0.096287295     -0.044368308
     -0.046529632      -0.74855524                0    3.4427561e-08   -7.6657756e-09    1.5752355e-06    -1.606267e-06      0.096610099     -0.044547651
     -0.040895659       -0.7488842                0    2.2088097e-08   -6.9762547e-09    1.5577456e-06   -1.6207824e-06      0.096846841     -0.044705145
      -0.03525937      -0.74917072                0     9.870142e-09   -6.2825576e-09    1.5405814e-06   -1.6351083e-06      0.097096473     -0.044843979
     -0.029621087      -0.74941486                0   -2.2453222e-09    -5.587359e-09    1.5237316e-06    -1.649231e-06      0.097359061     -0.044963978
     -0.023981126       -0.7496165                0   -1.4104278e-08   -3.8838843e-09    1.5142607e-06   -1.6605363e-06         0.097594     -0.045063961
     -0.018339805      -0.74977571                0   -2.5134465e-08    2.4018108e-09    1.5371677e-06   -1.6597834e-06       0.09765739     -0.045140341
     -0.012697447      -0.74989253                0   -3.6143629e-08    8.6894199e-09    1.5603503e-06    -1.658738e-06      0.097734123      -0.04519701
    -0.0070543704       -0.7499668                0   -4.7137014e-08    1.4971647e-08    1.5838036e-06   -1.6574099e-06       0.09782429     -0.045233816
    -0.0014108941      -0.74999869                0   -5.8119923e-08    2.1241329e-08     1.607521e-06   -1.6558109e-06      0.097927876      -0.04525077
     0.0042326623      -0.74998808                0   -6.9272559e-08    2.6599313e-08     1.591003e-06   -1.6460313e-06      0.097874403     -0.045244779
     0.0098759793      -0.74993497                0    -8.047494e-08    3.1632847e-08    1.5612544e-06   -1.6333516e-06      0.097777545     -0.045217857
      0.015518736      -0.74983943                0   -9.1661917e-08    3.6631871e-08    1.5317877e-06   -1.6204091e-06      0.097694106     -0.045171093
      0.021160616      -0.74970144                0   -1.0282692e-07    4.1589033e-08    1.5026171e-06   -1.6072007e-06      0.097624049     -0.045104556
      0.026801296      -0.74952096                0   -1.1281988e-07    4.5956746e-08    1.4893417e-06   -1.6014312e-06       0.09749531     -0.045016732
      0.032440457       -0.7492981                0   -1.2036024e-07    4.9159066e-08     1.509545e-06    -1.611814e-06      0.097226165     -0.044906314
      0.038077787      -0.74903274                0   -1.2789492e-07    5.2375785e-08    1.5299786e-06   -1.6219149e-06      0.096970066     -0.044776898
      0.043712955      -0.74872506                0   -1.3542572e-07     5.561791e-08    1.5506313e-06   -1.6317308e-06       0.09672685     -0.044628777
       0.04934565      -0.74837494                0   -1.4295438e-07    5.8896269e-08    1.5714934e-06    -1.641257e-06      0.096496463     -0.044462096
      0.054975551      -0.74798238                0   -1.5138215e-07    6.3460753e-08    1.5679599e-06    -1.640626e-06      0.096051253     -0.044269294
      0.060602341      -0.74754757                0   -1.5996862e-07    6.8209339e-08    1.5614841e-06   -1.6384965e-06      0.095588267     -0.044058412
      0.066225693      -0.74707037                0   -1.6860545e-07    7.2982203e-08    1.5553118e-06   -1.6361804e-06      0.095137261     -0.043830834
        0.0718453      -0.74655092                0   -1.7730045e-07    7.7784556e-08    1.5494469e-06   -1.6336887e-06      0.094698034     -0.043586988
       0.07746084      -0.74598914                0   -1.8606136e-07    8.2621526e-08    1.5438953e-06   -1.6310314e-06      0.094270423     -0.043327194
      0.083071992      -0.74538517                0   -1.9489588e-07    8.7498279e-08    1.5386613e-06   -1.6282193e-06      0.093854241     -0.043051869
      0.088678442        -0.744739                0   -2.0598755e-07    9.0106624e-08    1.5300791e-06   -1.6227708e-06      0.093183503     -0.042743403
       0.09427987      -0.74405062                0   -2.1727853e-07    9.2450691e-08    1.5215351e-06   -1.6169253e-06      0.092510082     -0.042420976
      0.099875964      -0.74332011                0   -2.2867064e-07    9.4625392e-08    1.5132006e-06   -1.6107982e-06      0.091846667     -0.042086039
        0.1054664      -0.74254751                0   -2.4017189e-07    9.6617214e-08      1.50507e-06   -1.6043872e-06       0.09119302     -0.041739132
       0.11105086       -0.7417329                0    -2.517902e-07    9.8412698e-08    1.4971379e-06   -1.5976897e-06      0.090548858     -0.041380793
       0.11662903      -0.74087626                0   -2.6353354e-07     9.999841e-08     1.489399e-06   -1.5907026e-06      0.089913942     -0.041011523
       0.12220061      -0.73997772                0    -2.730433e-07    1.0211895e-07    1.4843578e-06   -1.5907451e-06      0.089033581     -0.040600542
       0.12776525      -0.73903722                0   -2.8265461e-07    1.0419966e-07    1.4795671e-06   -1.5907265e-06      0.088159218     -0.040181577
       0.13332267      -0.73805493                0    -2.923897e-07    1.0623541e-07    1.4750076e-06   -1.5906074e-06      0.087292224     -0.039755568
       0.13887255       -0.7370308                0   -3.0225476e-07     1.082254e-07    1.4706779e-06   -1.5903969e-06      0.086432301     -0.039323114
       0.14441454      -0.73596495                0   -3.1225588e-07    1.1016897e-07    1.4665754e-06   -1.5901046e-06      0.085579112     -0.038884897
       0.14994837      -0.73485744                0   -3.2239916e-07    1.1206544e-07    1.4626984e-06     -1.58974e-06      0.084732339     -0.038441565
       0.15547371      -0.73370832                0   -3.2537233e-07    1.1631605e-07    1.4509573e-06   -1.5896488e-06      0.083694369     -0.037952565
       0.16099025      -0.73251766                0   -3.2818431e-07    1.2055418e-07    1.4392931e-06    -1.589588e-06      0.082659267     -0.037461314
       0.16649768      -0.73128551                0    -3.308964e-07    1.2475729e-07    1.4277763e-06   -1.5895681e-06      0.081628531     -0.036968954
       0.17199567        -0.730012                0   -3.3350207e-07    1.2892545e-07    1.4164011e-06   -1.5896027e-06      0.080601767     -0.036476228
       0.17748392      -0.72869712                0   -3.3701787e-07    1.3220271e-07    1.4041798e-06    -1.587077e-06      0.079509817      -0.03596301
       0.18296212      -0.72734094                0   -3.4164637e-07    1.3437393e-07    1.3910134e-06   -1.5814093e-06      0.078337267      -0.03542687
       0.18842997      -0.72594362                0   -3.4614314e-07    1.3645784e-07    1.3781302e-06   -1.5757674e-06      0.077166609     -0.034894232
       0.19388714      -0.72450519                0   -3.5050175e-07    1.3845226e-07    1.3655317e-06   -1.5701612e-06      0.075997472     -0.034365848
       0.19933334      -0.72302574                0   -3.5471575e-07    1.4035508e-07    1.3532186e-06   -1.5646006e-06      0.074829437     -0.033842497
       0.20476824      -0.72150534                0   -3.5960687e-07    1.4172174e-07    1.3546212e-06   -1.5638332e-06      0.073448636     -0.033231389
       0.21019156      -0.71994412                0   -3.6501137e-07    1.4313531e-07    1.3560392e-06   -1.5622679e-06      0.071940593     -0.032573275
       0.21560298      -0.71834207                0   -3.7051598e-07    1.4451633e-07    1.3574263e-06   -1.5603717e-06      0.070432223     -0.031927079
       0.22100218      -0.71669942                0    -3.761227e-07    1.4586485e-07    1.3587759e-06    -1.558144e-06      0.068923339     -0.031293858
       0.22638887      -0.71501613                0   -3.8089129e-07    1.4749872e-07    1.3542256e-06   -1.5504755e-06      0.067385614     -0.030657277
       0.23176275      -0.71329236                0   -3.8307124e-07    1.5008001e-07    1.3330861e-06   -1.5283692e-06      0.065765828     -0.029986927
        0.2371235      -0.71152824                0   -3.8538411e-07    1.5273514e-07    1.3123811e-06   -1.5068676e-06      0.064144626     -0.029333977
       0.24247082      -0.70972383                0    -3.878327e-07    1.5546725e-07    1.2921197e-06    -1.485997e-06       0.06252183     -0.028699415
       0.24780442      -0.70787919                0   -3.9041973e-07    1.5827948e-07    1.2723107e-06   -1.4657835e-06      0.060897231     -0.028084209
       0.25312397      -0.70599449                0   -3.9527933e-07    1.6027761e-07    1.2535887e-06   -1.4603222e-06      0.059220225     -0.027444143
        0.2584292      -0.70406985                0   -4.0148896e-07    1.6139317e-07     1.235627e-06   -1.4645819e-06      0.057505351     -0.026794609
       0.26371983      -0.70210528                0   -4.0747165e-07    1.6216089e-07    1.2179521e-06   -1.4684633e-06       0.05578775     -0.026168536
       0.26899549      -0.70010102                0   -4.1322011e-07    1.6257242e-07    1.2005671e-06   -1.4719635e-06      0.054067254      -0.02556693
        0.2742559      -0.69805706                0    -4.187275e-07    1.6261937e-07    1.1834757e-06   -1.4750784e-06      0.052343693     -0.024990711
       0.27950081      -0.69597363                0   -4.2011447e-07    1.6332513e-07    1.1692766e-06    -1.467688e-06      0.050512046     -0.024295805
        0.2847299      -0.69385076                0   -4.2075897e-07    1.6415208e-07      1.15558e-06   -1.4587528e-06      0.048658904      -0.02360576
       0.28994286       -0.6916886                0   -4.2130853e-07    1.6495531e-07    1.1419374e-06   -1.4499918e-06      0.046801303     -0.022945605
        0.2951394      -0.68948728                0   -4.2176023e-07     1.657352e-07    1.1283469e-06   -1.4414142e-06      0.044939067     -0.022316271
       0.30031922      -0.68724692                0   -4.2211121e-07    1.6649213e-07     1.114806e-06    -1.433029e-06      0.043072019     -0.021718675
       0.30548206       -0.6849677                0   -4.2235868e-07    1.6722655e-07     1.101312e-06   -1.4248455e-06      0.041199975     -0.021153729
       0.31062758      -0.68264961                0   -4.2249991e-07    1.6793868e-07    1.0878633e-06   -1.4168719e-06      0.039322779     -0.020622291
       0.31575552       -0.6802929                0   -4.2253214e-07      1.68629e-07    1.0744575e-06   -1.4091175e-06      0.037440255     -0.020125255
        0.3208656      -0.67789769                0   -4.2245273e-07    1.6929791e-07     1.061092e-06   -1.4015907e-06      0.035552237     -0.019663468
       0.32595748      -0.67546409                0   -4.2225909e-07    1.6994568e-07    1.0477654e-06   -1.3942998e-06      0.033658601     -0.019237768
       0.33103094      -0.67299223                0   -4.2194867e-07    1.7057268e-07    1.0344754e-06    -1.387253e-06      0.031759158     -0.018848969
       0.33608562      -0.67048228                0   -4.2151896e-07    1.7117929e-07    1.0212198e-06   -1.3804583e-06      0.029853798     -0.018497881
       0.34112129      -0.66793436                0   -4.2096755e-07    1.7176583e-07     1.007997e-06   -1.3739239e-06      0.027942359     -0.018185288
       0.34613764      -0.66534859                0   -4.2029203e-07    1.7233262e-07    9.9480485e-07   -1.3676571e-06      0.026024716     -0.017911952
       0.35113439      -0.66272515                0   -4.1819598e-07    1.7151214e-07    9.8067767e-07   -1.3589639e-06      0.024102755      -0.01744771
       0.35611126      -0.66006422                0   -4.1551368e-07     1.701891e-07    9.6648455e-07   -1.3494737e-06      0.022173421     -0.016937552
       0.36106795      -0.65736592                0   -4.1273162e-07    1.6888038e-07     9.526309e-07   -1.3401925e-06      0.020235557     -0.016468529
       0.36600423      -0.65463036                0    -4.098481e-07    1.6758672e-07    9.3911956e-07   -1.3311261e-06      0.018289007     -0.016041329
       0.37091976      -0.65185773                0   -4.0667098e-07    1.6659011e-07    9.2417611e-07   -1.3217841e-06      0.016283315     -0.015674487
       0.37581429      -0.64904827                0   -4.0297121e-07    1.6608008e-07    9.0600531e-07   -1.3116066e-06      0.014177555     -0.015389253
       0.38068753      -0.64620197                0   -3.9911725e-07    1.6543524e-07    8.8822782e-07   -1.3015746e-06      0.012079319     -0.015151221
       0.38553923      -0.64331913                0   -3.9510704e-07    1.6465424e-07    8.7084788e-07    -1.291693e-06     0.0099887401     -0.014961049
       0.39036912      -0.64039981                0   -3.9093871e-07    1.6373568e-07    8.5386978e-07   -1.2819662e-06      0.007905934     -0.014819359
       0.39517689      -0.63744432                0    -3.866104e-07    1.6267832e-07    8.3729753e-07   -1.2723988e-06     0.0058310498      -0.01472677
       0.39996228      -0.63445264                0   -3.8212033e-07     1.614808e-07    8.2113542e-07   -1.2629943e-06     0.0037642047     -0.014683861
       0.40472502      -0.63142508                0   -3.7746679e-07    1.6014197e-07      8.05387e-07   -1.2537575e-06     0.0017055273     -0.014691209
       0.40946484      -0.62836182                0   -3.7264817e-07    1.5866067e-07    7.9005611e-07   -1.2446925e-06   -0.00034485385     -0.014749361
       0.41418147      -0.62526292                0   -3.6766289e-07     1.570357e-07    7.7514648e-07   -1.2358024e-06    -0.0023868233     -0.014858844
       0.41887468      -0.62212861                0   -3.6250941e-07    1.5526605e-07    7.6066146e-07   -1.2270914e-06    -0.0044202618     -0.015020168
       0.42354414      -0.61895907                0   -3.5751711e-07    1.5193098e-07    7.4734186e-07   -1.2168409e-06    -0.0063360501     -0.014977258
       0.42818964      -0.61575454                0   -3.5241871e-07    1.4813706e-07    7.3453003e-07   -1.2062546e-06    -0.0082105035     -0.014903982
       0.43281087      -0.61251509                0   -3.4710231e-07    1.4435298e-07    7.2197327e-07   -1.1958841e-06      -0.01007829     -0.014881767
       0.43740761      -0.60924101                0   -3.4156633e-07    1.4057917e-07    7.0967275e-07   -1.1857336e-06     -0.011939313     -0.014911022
       0.44197959      -0.60593235                0   -3.3580935e-07    1.3681601e-07    6.9763036e-07   -1.1758057e-06     -0.013793473     -0.014992141
       0.44652656      -0.60258943                0   -3.2982985e-07    1.3306393e-07    6.8584728e-07   -1.1661041e-06     -0.015640674     -0.015125492
        0.4510482      -0.59921241                0   -3.2362669e-07    1.2932337e-07    6.7432524e-07   -1.1566318e-06     -0.017480789     -0.015311423
       0.45554432      -0.59580147                0   -3.1719853e-07    1.2559465e-07    6.6306535e-07   -1.1473919e-06     -0.019313745     -0.015550267
       0.46001467      -0.59235674                0   -3.1054424e-07     1.218781e-07    6.5206916e-07   -1.1383868e-06     -0.021139447     -0.015842337
       0.46445894      -0.58887851                0   -3.0366286e-07    1.1817419e-07    6.4133781e-07   -1.1296195e-06     -0.022957766     -0.016187916
       0.46887693       -0.5853669                0    -2.965534e-07    1.1448319e-07    6.3087265e-07   -1.1210924e-06     -0.024768626      -0.01658728
       0.47326836      -0.58182216                0   -2.8858159e-07    1.1157638e-07    6.1824164e-07   -1.1126776e-06     -0.026526567     -0.017073076
         0.477633      -0.57824451                0   -2.7957824e-07    1.0954395e-07    6.0272725e-07    -1.104232e-06     -0.028198466     -0.017653048
       0.48197061      -0.57463408                0   -2.7042137e-07    1.0726963e-07    5.8767677e-07   -1.0958927e-06     -0.029838588     -0.018282011
       0.48628092      -0.57099116                0   -2.6111101e-07    1.0475257e-07    5.7309268e-07   -1.0876615e-06     -0.031446744     -0.018960109
       0.49056369      -0.56731588                0   -2.5164701e-07    1.0199193e-07    5.5897726e-07   -1.0795396e-06     -0.033022754     -0.019687487
       0.49481869      -0.56360847                0   -2.4332175e-07    9.7908675e-08    5.4566675e-07   -1.0693034e-06     -0.034455113     -0.020302081
       0.49904564      -0.55986911                0   -2.3587849e-07    9.2776254e-08    5.3296981e-07   -1.0574111e-06     -0.035766024     -0.020830922
        0.5032444       -0.5560981                0   -2.2822969e-07    8.7519425e-08    5.2056862e-07   -1.0457412e-06     -0.037049141     -0.021408999
       0.50741458      -0.55229563                0   -2.2037538e-07    8.2138286e-08    5.0846489e-07   -1.0342952e-06     -0.038304292       -0.0220364
       0.51155609      -0.54846179                0   -2.1231543e-07    7.6632666e-08    4.9665931e-07   -1.0230741e-06     -0.039531421      -0.02271319
       0.51566863      -0.54459697                0   -2.0405011e-07    7.1002731e-08    4.8515295e-07   -1.0120796e-06     -0.040730402     -0.023439392
       0.51975197      -0.54070133                0   -1.9557966e-07    6.5248599e-08    4.7394678e-07   -1.0013124e-06      -0.04190113     -0.024215031
       0.52380586      -0.53677505                0   -1.8690426e-07    5.9370443e-08    4.6304169e-07   -9.9077351e-07     -0.043043531     -0.025040114
       0.52783012      -0.53281832                0   -1.7802418e-07     5.336841e-08    4.5243831e-07   -9.8046371e-07     -0.044157527     -0.025914643
       0.53182447      -0.52883148                0   -1.6894009e-07    4.7242917e-08    4.4213746e-07   -9.7038378e-07     -0.045243036     -0.026838552
       0.53578871      -0.52481472                0   -1.5965239e-07    4.0994244e-08    4.3213959e-07   -9.6053452e-07     -0.046300009     -0.027811805
       0.53972262      -0.52076823                0    -1.501616e-07    3.4622769e-08    4.2244528e-07   -9.5091605e-07     -0.047328383     -0.028834339
       0.54362595      -0.51669222                0   -1.4046842e-07    2.8128969e-08    4.1305503e-07   -9.4152881e-07     -0.048328113      -0.02990607
       0.54749852      -0.51258695                0   -1.2942296e-07    2.2242972e-08    4.0283851e-07   -9.3248758e-07     -0.049183093     -0.030991012
        0.5513401      -0.50845265                0   -1.1574906e-07    1.7762396e-08    3.9063571e-07   -9.2384585e-07     -0.049742933     -0.032038245
       0.55515045      -0.50428963                0   -1.0196447e-07    1.3085241e-08    3.7896848e-07   -9.1531462e-07     -0.050250374     -0.033120416
       0.55892932      -0.50009799                0   -8.8069847e-08    8.2122895e-09    3.6783672e-07   -9.0689389e-07     -0.050705455     -0.034237426
       0.56267661      -0.49587807                0   -7.4066278e-08    3.1442298e-09    3.5723968e-07   -8.9858389e-07     -0.051108278     -0.035389118
         0.566392      -0.49163005                0   -6.1267841e-08   -2.4975952e-09    3.4748948e-07   -8.8944586e-07     -0.051395848      -0.03650178
       0.57007533      -0.48735419                0   -5.0614133e-08   -8.9914973e-09    3.3865749e-07   -8.7885138e-07      -0.05153212     -0.037529495
       0.57372642      -0.48305076                0   -3.9954912e-08   -1.5717871e-08    3.3016278e-07   -8.6835701e-07     -0.051624492     -0.038595702
       0.57734495      -0.47871995                0   -2.9290437e-08   -2.2675142e-08    3.2200512e-07   -8.5796273e-07      -0.05167307     -0.039700232
       0.58093083      -0.47436205                0   -1.8621167e-08   -2.9861905e-08    3.1418369e-07   -8.4766839e-07     -0.051677994     -0.040842872
        0.5844838      -0.46997729                0   -7.9474649e-09   -3.7276454e-08    3.0669796e-07   -8.3747398e-07     -0.051639415     -0.042023417
        0.5880037      -0.46556592                0    2.7303872e-09   -4.4917087e-08    2.9954705e-07   -8.2737932e-07     -0.051557496     -0.043241639
       0.59149033      -0.46112818                0     1.341211e-08   -5.2781971e-08    2.9273005e-07   -8.1738409e-07     -0.051432408     -0.044497307
        0.5949434      -0.45666435                0    2.4097268e-08   -6.0868956e-08    2.8624618e-07   -8.0748805e-07     -0.051264331     -0.045790147
       0.59836286      -0.45217463                0    3.4785788e-08   -6.9176224e-08    2.8009407e-07   -7.9769075e-07     -0.051053476     -0.047119919
       0.60174841      -0.44765934                0    4.5477236e-08   -7.7701387e-08    2.7427268e-07   -7.8799189e-07     -0.050800055     -0.048486315
       0.60509986      -0.44311869                0    5.6903296e-08   -8.6002771e-08    2.6802613e-07   -7.7937892e-07     -0.050361272      -0.04975738
       0.60841703      -0.43855295                0      7.01598e-08   -9.3494556e-08    2.6015542e-07   -7.7337342e-07     -0.049521334     -0.050733376
       0.61169982      -0.43396237                0    8.3493113e-08   -1.0126771e-07    2.5243082e-07   -7.6763058e-07     -0.048622213     -0.051728345
       0.61494792      -0.42934722                0    9.6902511e-08   -1.0931883e-07    2.4485243e-07   -7.6214837e-07     -0.047664296     -0.052742086
        0.6181612      -0.42470777                0    1.1038708e-07    -1.176448e-07    2.3741994e-07   -7.5692463e-07     -0.046648022     -0.053774394
        0.6213395      -0.42004427                0    1.2394607e-07   -1.2624223e-07    2.3013307e-07    -7.519572e-07     -0.045573846     -0.054825068
       0.62448263      -0.41535699                0     1.375787e-07   -1.3510763e-07    2.2299156e-07   -7.4724375e-07     -0.044442236     -0.055893891
       0.62759042      -0.41064617                0    1.5128417e-07   -1.4423728e-07    2.1599513e-07   -7.4278165e-07     -0.043253668      -0.05698064
       0.63066262      -0.40591213                0    1.6506149e-07   -1.5362728e-07    2.0914355e-07   -7.3856859e-07     -0.042008657     -0.058085077
       0.63369912      -0.40115508                0    1.7891004e-07   -1.6327385e-07    2.0243637e-07   -7.3460154e-07     -0.040707726     -0.059206974
        0.6366998      -0.39637533                0    1.9282888e-07   -1.7317306e-07    1.9587306e-07   -7.3087801e-07     -0.039351422     -0.060346093
       0.63966435      -0.39157313                0    2.0447716e-07   -1.8244003e-07    1.9173608e-07   -7.2522624e-07     -0.037908893     -0.061465066
       0.64259273      -0.38674876                0     2.153178e-07   -1.9154695e-07    1.8896633e-07   -7.1882954e-07     -0.036408477     -0.062593386
       0.64548469      -0.38190249                0     2.262081e-07   -2.0080142e-07    1.8677898e-07   -7.1245586e-07     -0.034863438     -0.063745312
       0.64834011       -0.3770346                0    2.3714803e-07   -2.1020038e-07    1.8516745e-07   -7.0610508e-07     -0.033274304       -0.0649205
       0.65115881      -0.37214535                0    2.4602488e-07   -2.1605715e-07     1.851126e-07   -6.9837802e-07       -0.0314667     -0.065762006
       0.65394068      -0.36723506                0    2.5316001e-07   -2.1972427e-07    1.8566043e-07   -6.8977113e-07     -0.029485811     -0.066362649
       0.65668553      -0.36230394                0    2.5999267e-07   -2.2390458e-07    1.8593326e-07   -6.8130771e-07     -0.027455745     -0.066974618
       0.65939313      -0.35735232                0    2.6652793e-07   -2.2858902e-07    1.8593545e-07     -6.72986e-07     -0.025377186     -0.067597643
       0.66206342      -0.35238048                0    2.7277085e-07   -2.3376867e-07    1.8567137e-07   -6.6480419e-07     -0.023250824     -0.068231523
       0.66469628      -0.34738865                0    2.7872687e-07   -2.3943431e-07    1.8514555e-07   -6.5676016e-07     -0.021077327     -0.068876013
       0.66729146      -0.34237719                0    2.8440144e-07   -2.4557613e-07    1.8436273e-07   -6.4885205e-07     -0.018857433     -0.069530852
        0.6698488      -0.33734632                0    2.9692578e-07   -2.5506591e-07    1.8243013e-07   -6.3655841e-07     -0.016472807     -0.069795907
       0.67236829      -0.33229637                0    3.1073796e-07   -2.6485159e-07    1.7992332e-07   -6.2392763e-07     -0.014021295     -0.069998473
       0.67484969      -0.32722759                0    3.2469268e-07   -2.7441058e-07    1.7698488e-07   -6.1171835e-07     -0.011523112     -0.070203774
       0.67729288      -0.32214028                0    3.3878885e-07   -2.8374444e-07    1.7362325e-07     -5.99923e-07    -0.0089790756     -0.070411667
       0.67969769      -0.31703472                0    3.5302531e-07   -2.9285462e-07    1.6984714e-07   -5.8853408e-07    -0.0063900258      -0.07062199
       0.68206406      -0.31191123                0     3.674009e-07   -3.0174289e-07    1.6566528e-07   -5.7754369e-07    -0.0037568088     -0.070834592
        0.6843918      -0.30677009                0    3.8130503e-07   -3.1103389e-07    1.6234247e-07   -5.6757136e-07    -0.0010616919     -0.070892751
       0.68668079      -0.30161154                0    3.9379898e-07   -3.2192006e-07    1.6234941e-07   -5.5914461e-07     0.0017190282     -0.070589766
       0.68893087      -0.29643595                0    4.0620228e-07   -3.3317093e-07    1.6324418e-07   -5.5067659e-07     0.0045420444     -0.070282266
       0.69114196      -0.29124355                0    4.1851854e-07   -3.4477625e-07    1.6500947e-07   -5.4216747e-07     0.0074064694     -0.069970205
        0.6933139      -0.28603467                0    4.3075147e-07   -3.5672514e-07    1.6762775e-07   -5.3361759e-07      0.010311343     -0.069653556
       0.69544661      -0.28080958                0    4.4290482e-07   -3.6900701e-07    1.7108111e-07    -5.250273e-07      0.013255738     -0.069332264
       0.69753993       -0.2755686                0    4.5498237e-07    -3.816105e-07    1.7535137e-07   -5.1639694e-07      0.016238665     -0.069006294
       0.69959372      -0.27031204                0    4.6297899e-07   -3.8871769e-07    1.7563804e-07   -5.0662493e-07      0.019229263     -0.068176307
       0.70160794      -0.26504013                0    4.7060735e-07   -3.9525705e-07    1.7565475e-07   -4.9648213e-07      0.022252131     -0.067275636
       0.70358247      -0.25975326                0    4.7836403e-07   -4.0191719e-07    1.7594844e-07   -4.8609661e-07      0.025309816     -0.066364728
       0.70551711      -0.25445163                0    4.8624838e-07   -4.0869045e-07    1.7651237e-07   -4.7547383e-07      0.028401362      -0.06544365
       0.70741177      -0.24913563                0     4.942591e-07   -4.1556927e-07    1.7733969e-07   -4.6461966e-07      0.031525716     -0.064512491
       0.70926642      -0.24380551                0     5.023951e-07   -4.2254646e-07    1.7842339e-07   -4.5353994e-07      0.034681879     -0.063571364
       0.71108091       -0.2384616                0    5.0858688e-07   -4.2682899e-07    1.7745559e-07   -4.4586659e-07      0.037773848     -0.062501363
       0.71285516      -0.23310417                0    5.1266534e-07   -4.2717846e-07    1.7367707e-07    -4.457516e-07       0.04074996     -0.061046064
         0.714589      -0.22773355                0    5.1705598e-07   -4.2765305e-07    1.7037806e-07   -4.4523216e-07      0.043749962     -0.059582818
       0.71628237      -0.22235003                0    5.2175369e-07   -4.2824516e-07    1.6754515e-07   -4.4432016e-07      0.046773013     -0.058111589
        0.7179352      -0.21695393                0     5.267529e-07   -4.2894723e-07    1.6516474e-07   -4.4302752e-07      0.049818229     -0.056632366
       0.71954739      -0.21154554                0    5.3204832e-07   -4.2975131e-07    1.6322311e-07   -4.4136621e-07      0.052884746       -0.0551451
       0.72111887      -0.20612517                0    5.3763443e-07   -4.3064961e-07     1.617064e-07   -4.3934855e-07      0.055971682     -0.053649765
       0.72264946      -0.20069313                0    5.4484548e-07    -4.387791e-07    1.6457058e-07   -4.3601531e-07      0.058863692     -0.051716913
       0.72413915      -0.19524972                0    5.5240378e-07   -4.4869498e-07    1.6836717e-07   -4.3243278e-07      0.061716393     -0.049660821
       0.72558784      -0.18979527                0    5.5993223e-07   -4.5850834e-07    1.7200549e-07   -4.2889326e-07      0.064584784     -0.047593527
       0.72699547      -0.18433006                0    5.6743721e-07   -4.6821816e-07    1.7549286e-07   -4.2539486e-07      0.067468055     -0.045515094
        0.7283619      -0.17885442                0    5.7492542e-07   -4.7782316e-07    1.7883659e-07   -4.2193588e-07      0.070365332     -0.043425605
       0.72968715      -0.17336865                0    5.8240323e-07   -4.8732261e-07    1.8204405e-07   -4.1851442e-07      0.073275767     -0.041325126
       0.73097104      -0.16787307                0    5.8863156e-07   -4.9451774e-07    1.8433627e-07   -4.1163301e-07      0.076048799     -0.039029587
        0.7322135      -0.16236797                0    5.9292751e-07   -4.9814003e-07    1.8539249e-07   -3.9947486e-07      0.078594238     -0.036429774
       0.73341459      -0.15685369                0    5.9728836e-07    -5.016791e-07    1.8651804e-07   -3.8766873e-07      0.081147857     -0.033817112
       0.73457408      -0.15133052                0    6.0171868e-07   -5.0513194e-07    1.8771158e-07   -3.7619651e-07      0.083708867     -0.031191709
       0.73569202      -0.14579879                0    6.0622205e-07   -5.0849644e-07     1.889715e-07   -3.6504008e-07      0.086276494     -0.028553776
       0.73676825      -0.14025879                0    6.1080306e-07    -5.117696e-07    1.9029633e-07   -3.5418091e-07      0.088849954     -0.025903445
        0.7378028      -0.13471086                0    6.1532444e-07   -5.1509755e-07     1.916296e-07   -3.4369583e-07      0.091402806     -0.023221124
       0.73879558      -0.12915531                0    6.1733749e-07   -5.2105435e-07    1.9210064e-07   -3.3499907e-07      0.093491331     -0.020165831
       0.73974651      -0.12359243                0     6.193842e-07   -5.2696612e-07    1.9276835e-07   -3.2617407e-07      0.095580965     -0.017097376
        0.7406556      -0.11802256                0      6.21472e-07   -5.3282702e-07    1.9362234e-07   -3.1722584e-07      0.097671047     -0.014016019
       0.74152267        -0.112446                0    6.2360914e-07   -5.3863067e-07    1.9465223e-07   -3.0815926e-07       0.09976089     -0.010921972
       0.74234784      -0.10686308                0    6.2580278e-07   -5.4437174e-07    1.9584745e-07   -2.9897944e-07       0.10184988    -0.0078155138
       0.74313092      -0.10127411                0    6.2806112e-07   -5.5004375e-07    1.9719749e-07    -2.896914e-07        0.1039373    -0.0046968684
       0.74387193      -0.09567941                0    6.3086907e-07   -5.5253184e-07    1.9917121e-07   -2.8358045e-07       0.10557282     -0.001367155
       0.74457085     -0.090079285                0    6.3401512e-07   -5.5396913e-07    2.0128282e-07   -2.7834719e-07       0.10707101     0.0020335559
       0.74522758     -0.084474064                0    6.3737087e-07   -5.5526453e-07    2.0337531e-07   -2.7302926e-07       0.10856377     0.0054462976
        0.7458421     -0.078864053                0    6.4093223e-07   -5.5641732e-07    2.0545178e-07   -2.6763109e-07        0.1100506     0.0088707721
       0.74641442     -0.073249578                0    6.4469509e-07   -5.5742669e-07    2.0751533e-07   -2.6215724e-07       0.11153099      0.012306669
       0.74694449     -0.067630962                0    6.4865571e-07   -5.5829173e-07    2.0956911e-07    -2.566122e-07       0.11300442       0.01575369
       0.74743223     -0.062008511                0    6.5002007e-07   -5.6285069e-07    2.1276919e-07   -2.5142899e-07       0.11412641      0.019272476
       0.74787766     -0.056382552                0    6.4907948e-07   -5.7061493e-07    2.1700704e-07   -2.4667045e-07       0.11493676      0.022855546
       0.74828076       -0.0507534                0    6.4827805e-07   -5.7820216e-07    2.2127553e-07   -2.4198047e-07       0.11573737      0.026449017
       0.74864149     -0.045121372                0    6.4761929e-07   -5.8561665e-07    2.2557293e-07   -2.3734324e-07       0.11652789      0.030052561
       0.74895978     -0.039486792                0     6.471065e-07   -5.9286253e-07    2.2989749e-07   -2.3274289e-07       0.11730797      0.033665858
       0.74923575     -0.033849973                0    6.4674248e-07    -5.999446e-07    2.3424741e-07   -2.2816369e-07       0.11807732      0.037288554
       0.74946922     -0.028211242                0    6.4587317e-07    -6.041742e-07    2.3883655e-07   -2.2379223e-07       0.11861914      0.040907077
       0.74966031      -0.02257091                0    6.4374723e-07   -6.0246839e-07    2.4391852e-07   -2.1982059e-07       0.11868331      0.044505801
       0.74980891     -0.016929301                0    6.4178505e-07   -6.0062871e-07    2.4902843e-07   -2.1579322e-07        0.1187352      0.048112955
       0.74991506     -0.011286733                0    6.3998738e-07    -5.986517e-07    2.5416097e-07   -2.1170732e-07       0.11877469      0.051728189
       0.74997878    -0.0056435266                0    6.3835512e-07   -5.9653348e-07    2.5931087e-07   -2.0756003e-07       0.11880164      0.055351172
             0.75   -4.8145332e-14                0    6.3688935e-07    -5.942702e-07    2.6447285e-07   -2.0334835e-07       0.11881585      0.058981568
